key,0
#,Name
int32,str
0,""
1,"Stein"
2,"Betäubung"
3,"Schlaf"
4,"Benommenheit"
5,"Amnesie"
6,"Pacem"
7,"Stumm"
8,"Hast"
9,"Gemach"
10,"Gemach"
11,"Konfus"
12,"Levitation"
13,"Fessel"
14,"Gewicht"
15,"Blind"
16,""
17,"Paralyse"
18,"Gift"
19,"Giftpollen"
20,"TP-Verlust"
21,"LP-Bonus"
22,"LP-Malus"
23,"MP-Bonus"
24,"MP-Malus"
25,"Attacke-Bonus"
26,"Attacke-Malus"
27,"Prä<->zi<->sions-Bo<->nus"
28,"Prä<->zi<->sions-Ma<->lus"
29,"Ver<->tei<->di<->gungs-Bo<->nus"
30,"Ver<->tei<->di<->gungs-Ma<->lus"
31,"Ausweich-Bonus"
32,"Ausweich-Malus"
33,"Offensivmagie-Bonus"
34,"Offensivmagie-Malus"
35,"Heilmagie-Bonus"
36,"Heilmagie-Malus"
37,"Ma<->gie<->ab<->wehr-Bo<->nus"
38,"Ma<->gie<->ab<->wehr-Ma<->lus"
39,"Betäubungsresistenz"
40,"Stumm-Resistenz"
41,"Werkstattstimmung"
42,"Kraft des Transzendierens"
43,"Schwäche"
44,"Sterbenselend"
45,"Sternstunde der Handwerker"
46,"Sternstunde der Sammler"
47,"Verstohlenheit"
48,"Gut gesättigt"
49,"Stärkung"
50,"Sprint"
51,"Stärke-Malus"
52,"Konstitutions-Malus"
53,"Schadenswert +"
54,"Schadenswert -"
55,"Verringerte physische Verwundbarkeit"
56,"Erhöhte physische Verwundbarkeit"
57,"Magieschaden +"
58,"Magieschaden -"
59,"Verringerte Magie-Verwundbarkeit"
60,"Erhöhte Magie-Verwundbarkeit"
61,"Schaden +"
62,"Schaden -"
63,"Verringerte Verwundbarkeit"
64,"Erhöhte Verwundbarkeit"
65,"Kritisches Potenzial"
66,"Terror"
67,"Bleischwere"
68,"Auszehren"
69,"Auslaugen"
70,"Ausschalten"
71,"Schutzwall"
72,"Konvaleszenz"
73,"Achtsamkeit"
74,"Sentinel"
75,"Eherner Wille"
76,"Verwegenheit"
77,"Bollwerk"
78,"Schwert-Eid"
79,"Schild-Eid"
80,"Deckung"
81,"Gedeckt"
82,"Heiliger Boden"
83,"Vorahnung"
84,"Blutbad"
85,"Verstümmelung"
86,"Tollwut"
87,"Kampfrausch"
88,"Holmgang"
89,"Rache"
90,"Sturmbrecher"
91,"Verteidiger"
92,"Entfesselt"
93,"Zorn"
94,"Zorn II"
95,"Zorn III"
96,"Zorn IV"
97,"Zorn V"
98,"Drachentritt"
99,"Leichtfuß"
100,"Innere Gelöstheit"
101,"Doppelviper"
102,"Mantra"
103,"Sengende Aura"
104,"Steinerne Aura"
105,"Beflügelnde Aura"
106,"Hauch des Todes"
107,"Opo-Opo-Form"
108,"Raptor-Form"
109,"Coeurl-Form"
110,"Improvisation"
111,"Geölter Blitz"
112,"Geölter Blitz II"
113,"Geölter Blitz III"
114,"Auge des Sturms"
115,"Gewaltiger Stoß"
116,"Vitalwallung"
117,"Zahn um Zahn"
118,"Chaotischer Tjost"
119,"Phlebotomie"
120,"Drachenklaue"
121,"Drachengriff"
122,"Direktschussbereit"
123,"Falkenauge"
124,"Infizierte Wunde"
125,"Wütende Attacke"
126,"Erhöhte physische Verwundbarkeit"
127,"Ablenkung"
128,"Sperrfeuer"
129,"Beißender Wind"
130,"Direkter Schuss"
131,"Tödlicher Regen +"
132,"Pfeilsalve +"
133,"Schmissiger Song"
134,"Schmissiger Song"
135,"Ballade des Weisen"
136,"Ballade des Weisen"
137,"Hymne der Krieger"
138,"Hymne der Krieger"
139,"Requiem der Feinde"
140,"Requiem der Feinde"
141,"Ode an die Seele"
142,"Betäubung"
143,"Wind"
144,"Windra"
145,"Bußprediger"
146,"Protes"
147,"Protes"
148,"Wiederbeleben"
149,"Betäubung"
150,"Resedra"
151,"Steinhaut"
152,"Steinhaut (physisch)"
153,"Steinhaut (magisch)"
154,"Fispelstimme"
155,"Vitra +"
156,"Vitaga +"
157,"Geistesgegenwart"
158,"Regena"
159,"Göttliches Siegel"
160,"Unbeirrbarkeit"
161,"Blitz"
162,"Blitzra"
163,"Blitzga"
164,"Blitz +"
165,"Feuga +"
166,"Kurieren +"
167,"Spontaneität"
168,"Mana-Schild"
169,"Mana-Wand"
170,"Apokatastasis"
171,"Ekpyrosis"
172,"Gebrechlichkeit"
173,"Lichtfeuer"
174,"Lichtfeuer II"
175,"Lichtfeuer III"
176,"Schatteneis"
177,"Schatteneis II"
178,"Schatteneis III"
179,"Bio"
180,"Miasma"
181,"Krankheit"
182,"Virus"
183,"Geistesvirus"
184,"Erhaltung"
185,"Auge um Auge"
186,"Auge um Auge"
187,"Aufmuntern"
188,"Miasra"
189,"Biora"
190,"Schattenflamme"
191,"Pestilenz"
192,"Ansporn"
193,"Gemach"
194,"Schutzschild"
195,"Bastion"
196,"Letzte Bastion"
197,"Feuerstachel"
198,"Eisstachel"
199,"Schockstachel"
200,"Erhöhte physische Verwundbarkeit"
201,"Betäubung"
202,"Erhöhte Verwundbarkeit"
203,"Akkumulation"
204,"Runenwaffe: Feuer"
205,"Runenwaffe: Eis"
206,"Runenwaffe: Wind"
207,"Runenwaffe: Erde"
208,"Runenwaffe: Blitz"
209,"Runenwaffe: Wasser"
210,"Verhängnis"
211,"Gewetztes Messer"
212,"Wahre Gestalt"
213,"Besänftigung"
214,"Aufstachelung"
215,"Schaden -"
216,"Paralyse"
217,"Geodäsie"
218,"Sammelrate erhöht"
219,"Sammelgewinn erhöht"
220,"Sammelglück erhöht"
221,"Flurenthüllung"
222,"Tellurische Enthüllung"
223,"Byregots Segen"
224,"Nophicas Segen"
225,"Prospektion"
226,"Hast"
227,"Versuchung"
228,"Menphinas Segen"
229,"Nald'thals Segen"
230,"Llymlaens Segen"
231,"Thaliaks Segen"
232,"Vorausplanung"
233,"Ruf des Waldes"
234,"Bodenbefund"
235,"Beißender Wind"
236,"Chocobo-Schnabel"
237,"Chocobo-Regena"
238,"Chocobo-Quelle"
239,"Kraft des Transzendierens"
240,"Gewicht"
241,"Gnade des Lichts"
242,"Ruf des Waldes II"
243,"Bodenbefund II"
244,"Knochenbrecher"
245,"Ermächtigung"
246,"Demolieren"
247,"Tödlicher Regen"
248,"Kreis der Verachtung"
249,"Flammenpfeil"
250,"Brandwunde"
251,"Innere Ruhe"
252,"Nachhaltigkeit"
253,"Ruhige Hand"
254,"Große Schritte"
255,"Einfallsreichtum"
256,"Einfallsreichtum II"
257,"Nachhaltigkeit II"
258,"Manipulation"
259,"Innovation"
260,"Reklamation"
261,"Komfortzone"
262,"Ruhige Hand II"
263,"Schaden +"
264,"Fleischwunde"
265,"Stichwunde"
266,"Prellung"
267,"Brandwunde"
268,"Erfrierung"
269,"Beißender Wind"
270,"Schlamm"
271,"Stromschlag"
272,"Wassersucht"
273,"Blutung"
274,"Segnung"
275,"Gift"
276,"Lob des Kämpen"
277,"Stimme der Stärke"
278,"無敵の進撃マーチ：効果"
279,"Rehabilitation"
280,"Fessel"
281,"Schadenswert -"
282,"Magieschaden -"
283,"Wassersucht"
284,"Brandwunde"
285,"Erfrierung"
286,"Beißender Wind"
287,"Schlamm"
288,"Stromschlag"
289,"Wassersucht"
290,"Schaden +"
291,"100 Fäuste"
292,"Granitgefängnis"
293,"Schnelligkeit +"
294,"Zaubertempo +"
295,"Goldlunge"
296,"Panik"
297,"Dynamisieren"
298,"Geweihte Erde"
299,"Geweihte Erde"
300,"Schaden +"
301,"Kritische Attacke"
302,"Galle"
303,"Klettenpilz"
304,"Ätherfluss"
305,"Bann des Drachen"
306,"Kraft des Drachen"
307,"Lob des Kämpen"
308,"Stimme der Stärke"
309,"Marsch ohne Rücksicht"
310,"Einrollen"
311,"Erdengewahrsam"
312,"Gaias Zorn"
313,"Glühender Schild"
314,"Inferno"
315,"Erhebendes Flüstern"
316,"Feenverheißung"
317,"Illumination"
318,"Sprühender Glanz"
319,"Feenlicht"
320,"Blutung"
321,"Gungnir"
322,"Kristallschleier"
323,"Schwache Immunabwehr"
324,"Sintmal"
325,"Unverwundbar"
326,"Statische Ladung"
327,"Eisige Ladung"
328,"Herz des Felsgotts"
329,"Fortifikationsprogramm 1"
330,"Hast"
331,"Verringerte Magie-Verwundbarkeit"
332,"Schaden +"
333,"Allagische Fäulnis"
334,"Allagische Immunität"
335,"Feuerstrahlen"
336,"Sequenz AB1"
337,"Sequenz AP1"
338,"Sequenz AS1"
339,"Blutung"
340,"Physisches Feld"
341,"Magisches Feld"
342,"Reflektorschild"
343,"Blutung"
344,"Neurolink"
345,"Aufladung"
346,"Wächserne Haut"
347,"Pocken"
348,"Aussäen"
349,"Stahlschuppen"
350,"Verringerte Verwundbarkeit"
351,"Groll"
352,"Gungnirs Zauber"
353,"Startbonus"
354,"Sammelgeschick-Bonus"
355,"Expertise-Bonus"
356,"Kunst<->fer<->tig<->keits-Bonus"
357,"Kontrolle-Bonus"
358,"Schneemann"
359,"Feenfeuer"
360,"Längere Nahrungseffekte"
361,"Bindungsbonus"
362,"Verminderter Verschleiß"
363,""
364,"Vergünstigter Teleport"
365,"Kampfroutine-Bonus"
366,"Mitstreiterroutine-Bonus"
367,"Sammelroutine-Bonus"
368,"Syntheseroutine-Bonus"
369,"Ätheroplasma"
370,"Sirenengesang"
371,"Zombie"
372,"Brutrage"
373,"Unheilbar"
374,"Denaturierter Kristall"
375,"Verbrennung"
376,"Gluthitze"
377,"Infernofesseln"
378,"Agonales Klammern"
379,"Tiefdruck"
380,"Hochdruck"
381,"Schwert-Eid"
382,""
383,"Wachstumsschub"
384,"Ausgewachsen"
385,"Trügerisches Trapez"
386,"Durchblick"
387,"Trügerischer Sturz"
388,"Spiegelbild"
389,"Spieß"
390,"Wachstumsschub"
391,"Ausgewachsen"
392,"Eid der Leibgardisten"
393,"Schild-Eid"
394,"Unverwundbar"
395,"Schadenswert -"
396,"Gleichmut"
397,"Einstimmung"
398,"Astralkörper"
399,"Wiederkunft"
400,"Laden"
401,"Umklammert"
402,"Blinde Wut"
403,"Schaden +"
404,"Transport"
405,"Bezaubert"
406,"Verringerte Verwundbarkeit"
407,"Staubvergiftung"
408,"Sturmkeil"
409,"Holmgang"
410,"Antikörper"
411,"Tier in dir"
412,"Schweben"
413,"Wolfsmarken-Bonus"
414,"Staatstaler-Bonus"
415,"Erholen"
416,"Transparenz"
417,"Protes"
418,"Temporäre Unverwundbarkeit"
419,"Nebelschleier"
420,"Markiert"
421,"Halbverschlungen"
422,"Heilmagie -"
423,"Albtraum"
424,"Diabolischer Fluch"
425,"Diabolische Aura"
426,"Nachtschild"
427,"Gemach +"
428,"Hast +"
429,"Erosionsstaub"
430,"Kummer"
431,"Wasserresistenz -"
432,"Wassermembran"
433,"Wasserspiegelung"
434,"Absoluter Bann"
435,"Dämonenauge"
436,"Dorngestrüpp"
437,"Steinfluch"
438,"Wicht"
439,"Frosch"
440,"Wicht"
441,"Frosch"
442,"Gemach"
443,"Schaden +"
444,"Erhöhte Verwundbarkeit"
445,"Dornenranken"
446,"Honigsüß"
447,"Konzentrierte Säure"
448,"Umschwärmt"
449,"Gestochen"
450,"Steinresistenz"
451,"Stimme der Verwünschung"
452,"Schrei der Verwünschung"
453,"Allagisches Gift"
454,"Allagisches Feld"
455,"Ermattung"
456,"LP-Malus"
457,"Fessel +"
458,"Pestschwinge"
459,"Normales Verhalten"
460,"Aggressives Verhalten"
461,"Hemmendes Verhalten"
462,"Leicht fixierbar"
463,"Fixierungsfessel"
464,"Feuerhorn"
465,"Eisklaue"
466,"Donnerschwinge"
467,"Wasserspiegelung"
468,"Nichtsgebunden"
469,"Absoluter Herrscher"
470,"Pombination"
471,"Mogryschatten-Aversion"
472,"Moglicht-Empfindlichkeit"
473,"Tohuwabohu-Wahn"
474,"Mogul-Fanfare"
475,"Unmarkierbar"
476,"Dämmerlicht"
477,"Wogenmantel"
478,"Wogenschleier"
479,"Rehabilitation"
480,"Hast +"
481,"Sprint"
482,"Paralyse"
483,"LP-Bonus"
484,"Toxische Tinte"
485,"Wassersucht"
486,"Wasserkäfig"
487,"Tiefkühlung"
488,"Superkniff"
489,"Wespenkuss"
490,"Vipernkuss"
491,"Tanzende Schneide"
492,"Verstümmeln"
493,"Erhöhte physische Verwundbarkeit"
494,"Erhöhte Magie-Verwundbarkeit"
495,"Dampf"
496,"Mudra"
497,"Kassatsu"
498,"Gebrechlichkeit"
499,""
500,"Huton"
501,"Doton"
502,"Gewicht"
503,"Brandwunde"
504,"Gefesselt"
505,"Schaden +"
506,"Schwindel"
507,"Suiton"
508,"Schattenfang"
509,"Ätherochemischer Sprengkörper"
510,"Gefesselt"
511,"Knallfrosch"
512,"Elektrokonduktivität"
513,"Statische Ladung"
514,"Kausalität"
515,"Rollender Donner"
516,"Chaos"
517,"Überspannungsschutz"
518,"Reflexion"
519,"Konter"
520,"Feuerresistenz +"
521,"Wasserresistenz +"
522,"Windresistenz +"
523,"Blitzresistenz +"
524,"Erdresistenz +"
525,"Eisresistenz +"
526,"Frostklinge"
527,"Froststab"
528,"Frostbogen"
529,"Unverwundbar"
530,"Brandwunde"
531,"Wassersucht"
532,"Beißender Wind"
533,"Stromschlag"
534,"Schlamm"
535,"Erfrierung"
536,"Sternstunde der Mitstreiter"
537,"Sternstunde der Mitstreiter II"
538,"Mitstreiter-Attackebonus"
539,"Mitstreiter-Attackebonus II"
540,"Mitstreiter-Heilmagiebonus"
541,"Mitstreiter-Heilmagiebonus II"
542,"Mitstreiter-LP-Bonus"
543,"Mitstreiter-LP-Bonus II"
544,"Provokativer Mitstreiter"
545,"Provokativer Mitstreiter II"
546,"Schöner Salat"
547,"Arbeitsstätte: Herstellung"
548,"Arbeitsstätte: Veredelung"
549,"Arbeitsstätte: Feinarbeit"
550,"Arbeitsstätte: Herstellung II"
551,"Arbeitsstätte: Spezialisierung"
552,"Arbeitsstätte: Spezialisierung II"
553,"Arbeitsstätte: Feinarbeit II"
554,"Arbeitsstätte: Veredelung II"
555,"Reflektorschild"
556,"Reflektorschild"
557,"Reflektorschild"
558,"Reflektorschild"
559,"Gift"
560,"Gift"
561,"Gemach"
562,"Markiert"
563,"Erhöhte Verwundbarkeit"
564,"Fessel"
565,"Ver<->wand<->lung"
566,"Schaden +"
567,"Versinkend"
568,"Petri Heil"
569,"Schleim"
570,"In der Schusslinie"
571,"Blind"
572,"Hiebresistenz -"
573,"Schlagresistenz -"
574,"Erratischer Puls"
575,"Statische Ladung"
576,"Blitzresistenz -"
577,"Baro-Feld"
578,"Hauptkopf"
579,"Kritische Attacke"
580,"Nanosporen α"
581,"Nanosporen β"
582,"Verringerte Magie-Verwundbarkeit"
583,"Verringerte physische Verwundbarkeit"
584,"Abwehrfeld"
585,"Anti-Abwehrfeld"
586,"LP-Bonus"
587,"Gabelblitz"
588,"Offenbarungs-Resistenz -"
589,"Kette der Purgation"
590,"Arm der Purgation"
591,"Blaufeuer"
592,"Flammenwand"
593,"Feuervogel"
594,"Seelensog"
595,"Sog der Verzehrung"
596,"Drachenopfer"
597,"Neurolink"
598,"(仮)物理シールド(ストンスキン)"
599,"(仮)魔法シールド(ストンスキン)"
600,"Verringerte Magie-Verwundbarkeit"
601,"Verringerte physische Verwundbarkeit"
602,"Azeymas Fluch"
603,"Azeymas Jünger"
604,"Glatteis"
605,"Erfrierung"
606,"Überfroren"
607,"Schneeball"
608,"Agonales Klammern"
609,"Umschlungen"
610,"Stein"
611,"Schwippdischwapp"
612,"Vollgelaufen"
613,"Flusskobold"
614,"Versteckt"
615,"Versteckt"
616,"Unsichtbar"
617,"Erstrahlend"
618,"Erweiterter Radius"
619,"Brandwunde"
620,"Pacem"
621,"Feuerresistenz -"
622,"Verrottende Lunge"
623,"Krankheit"
624,"Fleischwunde"
625,"Am Boden"
626,"Außer Gefecht"
627,"Neurolink"
628,"Schaden -"
629,"Gebrechlichkeit"
630,"Gewicht"
631,"Beflügelt"
632,"Raserei"
633,"Lahmt"
634,"Stille"
635,"Verwirrung"
636,"Mal des Leids"
637,"Mal des Zorns"
638,"Erhöhte Verwundbarkeit"
639,"Pyretisch"
640,"Giftresistenz +"
641,"Chocobo-Reflexion"
642,"Blutung"
643,"Blutung"
644,"Huhn"
645,"Verdauung"
646,"Verlassen"
647,"Atrophie"
648,"Rehabilitation"
649,"Attacke-Bonus"
650,"Offensivmagie-Bonus"
651,"Hast"
652,"LP-/MP-Bonus"
653,"Euphorie"
654,"Raserei"
655,"Ägidensegen"
656,"Unverwundbar"
657,"Erhöhte physische Verwundbarkeit"
658,"Erhöhte Magie-Verwundbarkeit"
659,"Pesthauch"
660,"Zeitdehnung"
661,"Doppel"
662,"Tripel"
663,"Stillgestanden"
664,"Markiert"
665,"Unmarkierbar"
666,"Stromschlag"
667,"Gefesselt"
668,"Gefesselt"
669,"Ge<->schwindig<->keit +"
670,"Feuerresistenz -"
671,"Unverwundbar"
672,"Schaden +"
673,"Schrumpfstaub"
674,"Pech"
675,""
676,"Verborgen"
677,"Starkes Gift"
678,"Rückenwind"
679,"Windmauer"
680,"Gerichtete Parade"
681,"Of<->fen<->siv<->hal<->tung"
682,"Defensivhaltung"
683,"Segen der Erde"
684,"Segen des Feuers"
685,"Windresistenz -"
686,"Gift"
687,"Schaden +"
688,"Hyperladung"
689,"Mana-Kondensator"
690,"Muskelaktivator"
691,"Erhöhte physische Verwundbarkeit"
692,"Schadenswert -"
693,"Heilmagie -"
694,"Zielwechsel unmöglich"
695,"Erhöhte physische Verwundbarkeit"
696,"Schaden -"
697,"Heilmagie -"
698,"Positive Ladung"
699,"Negative Ladung"
700,"Erstickung"
701,"Verringerte Kampffähigkeit"
702,"Zyklonische Separation"
703,"Siegel des Auges"
704,"Schutz des Auges"
705,"Ver<->wand<->lung"
706,"Luminiszentes Ätheroplasma"
707,"Vorläufiges Urteil α"
708,"Vorläufiges Urteil β"
709,"Schwerfälliger Schritt"
710,"Auf sie mit Brüll"
711,"Plötzliche Panik"
712,"Eherner Wille"
713,"Totalschaden"
714,"Erhöhte Verwundbarkeit"
715,"Schwankend"
716,"Turbulenzen"
717,"Herrschaft des Windes"
718,"Herrschaft des Wassers"
719,"In Schusslinie"
720,"Hiebresistenz +"
721,"Stichresistenz +"
722,"Schlagresistenz +"
723,"Ätherochemischer Sprengkörper"
724,"Stärke-Malus"
725,"Ausweiden"
726,"Heiliger Quell"
727,"Heiliger Quell (Barriere)"
728,"Schiltron"
729,"Erlöser"
730,"Abkehr"
731,"Abkehr II"
732,"Abkehr III"
733,"Abkehr IV"
734,"Abkehr V"
735,"Urinstinkt"
736,"Drachenherz"
737,"Ley-Linien"
738,"Ley-Linien"
739,"Refugium"
740,"Schattenhaut"
741,"Geißel"
742,"Blutwaffe"
743,"Zähigkeit"
744,"Dunkler Tanz"
745,"Blutzoll"
746,"Dunkler Geist"
747,"Schattenwand"
748,"Delirium"
749,"Salzige Erde"
750,"Einziger Überlebender"
751,"Dunkle Seite"
752,"Dunkle Künste"
753,"Reflexion"
754,"Sammelrate erhöht (Limit)"
755,"Sammelglück erhöht (Limit)"
756,"Sammelgewinn erhöht (Limit)"
757,"Prüfender Blick"
758,"Äußerste Sorgfalt"
759,"Bessere Chancen II"
760,"Fünf Sinne"
761,"Reißen"
762,"Fischaugen"
763,"Streuköder"
764,"Schlechter Anschlag"
765,"Fangen und Freilassen"
766,"Anthropomimesis"
767,"Chiromimesis"
768,"Hydromimesis"
769,"Brennende Ketten"
770,"Gefesselt"
771,""
772,""
773,"Überschwang"
774,"Am Boden"
775,"Unverwundbar"
776,"Unverwundbar"
777,"Nichtssegen"
778,"Irdischer Pakt"
779,"Außerkörperlichkeit"
780,"Übernatürliche Kraft"
781,"Ätherüberreizung"
782,"Entfesselte Klinge"
783,"Am Boden"
784,"Nichtsblut"
785,"Nym-Pest"
786,"Litanei der Schlacht"
787,"Schattenwandler"
788,"Schattenwandler"
789,"Rauchschwaden"
790,"Dualität"
791,"Dissipation"
792,"Apotropaion"
793,"Erstes Schatten-Chakra"
794,"Zweites Schatten-Chakra"
795,"Drittes Schatten-Chakra"
796,"Viertes Schatten-Chakra"
797,"Fünftes Schatten-Chakra"
798,"Windga"
799,"Feenwind"
800,"Gefesselt"
801,"Gift"
802,"Fang und Klaue"
803,"Fächerstoß"
804,"Verringerte Verwundbarkeit"
805,"Sammlergespür"
806,"Erhöhte Verwundbarkeit"
807,"Bahamut-Äther"
808,"Bahamut-Trance"
809,"Schleim"
810,"Totenerweckung"
811,"Erweckter"
812,"Verringerte Magie-Verwundbarkeit"
813,"Dunkler Tanz"
814,"Entfesselung"
815,"Harmonie"
816,"Königsweg der Stärke"
817,"Königsweg der Umsicht"
818,"Königsweg der Geduld"
819,"Hiebresistenz -"
820,"Stichresistenz -"
821,"Schlagresistenz -"
822,"Gefesselt"
823,"Versuchung"
824,""
825,"Gunst der Zwölf"
826,"Gezogene Karte"
827,"Königsweg"
828,"Abgelegte Karte"
829,"Kraft der Waage"
830,"Kraft der Eiche"
831,"Kraft des Pfeils"
832,"Kraft des Speers"
833,"Kraft des Krugs"
834,"Kraft des Turms"
835,"Harmonischer Orbis"
836,"Aspektierter Helios"
837,"Nocturnales Feld"
838,"Konjunktion"
839,"Diurnal"
840,"Nocturnal"
841,"Lichtgeschwindigkeit"
842,"Lichtäther"
843,"Konjunktion II"
844,"Inakt"
845,"Synastrie"
846,"Synastrie"
847,"Numinosum"
848,"Numinosum"
849,"Numinosum"
850,"Großfischen"
851,"Justiert"
852,"Umwandlung"
853,"Schnellfeuer"
854,"Parabelschuss"
855,"Explosivgeschoss"
856,"Verbessertes Flintenlaufgeschoss"
857,"Verbesserter Sauberer Schuss"
858,"Gauß-Laufaufsatz"
859,"Zerrüttet"
860,"Zerlegt"
861,"Wildfeuer"
862,"Spezialprojektil geladen"
863,"Erdbrecher"
864,"Dunkle Macht"
865,"Menuett des Wanderers"
866,"Päan des Hüters"
867,"Augmentierung"
868,"Henochisch"
869,"Greifbares Grauen"
870,"Abstoßung"
871," Name der Elemente"
872,""
873,""
874,""
875,""
876,""
877,"Namenlos"
878,"Kunst des Kundigen"
879,"Seele des Handwerkers"
880,"Trällern"
881,""
882,""
883,""
884,""
885,""
886,""
887,""
888,""
889,""
890,""
891,""
892,""
893,"Erhöhte Verwundbarkeit"
894,"Windresistenz -"
895,"Unverwundbar"
896,"Am Boden"
897,"○削除予定"
898,"Blitzresistenz -"
899,"Verringerte physische Verwundbarkeit"
900,"Zeitriss"
901,"Gefesselt"
902,"MGP-Bonus"
903,"Sammlerstück-Synthese"
904,"Markiert"
905,"Überfroren"
906,"Dunkelheit"
907,"Kraft der Arkana"
908,"Bahamut-Äther"
909,"MP-Regeneration"
910,"Verhängnis"
911,"Glatteis"
912,"Verringerte Verwundbarkeit"
913,"Gezogen: Waage"
914,"Gezogen: Eiche"
915,"Gezogen: Pfeil"
916,"Gezogen: Speer"
917,"Gezogen: Krug"
918,"Gezogen: Turm"
919,"Durchblick"
920,"Abgelegt: Waage"
921,"Abgelegt: Eiche"
922,"Abgelegt: Pfeil"
923,"Abgelegt: Speer"
924,"Abgelegt: Krug"
925,"Abgelegt: Turm"
926,"Schlaf"
927,"Blütenhonig"
928,"Dunkle Drohung"
929,"Verringerte Verwundbarkeit"
930,"Gefesselt"
931,"Schlagresistenz -"
932,"Quarantäne"
933,"Heilmagie-Malus"
934,"Erhöhte physische Verwundbarkeit"
935,""
936,""
937,"Infestation"
938,"Erstickung"
939,"Außer Gefecht"
940,"Blutung"
941,"Immun gegen Fernattacken"
942,"Immun gegen Magieattacken"
943,"Askalons Schutz"
944,"Azurklinge"
945,"Azurschild"
946,"Spinne"
947,"Vogel"
948,"Blitzkonter"
949,"Feuerkonter"
950,"Eiskonter"
951,"Windkonter"
952,"Erdkonter"
953,"Wasserkonter"
954,"Elementloser Konter"
955,"Heilmagie-Bonus"
956,"Numinosum"
957,"Verdauungsenzyme"
958,"Markiert"
959,"Anthropomimesis"
960,"Pyretisch"
961,"Umklammert"
962,"ATT +"
963,"ATT -"
964,"ABW +"
965,"ABW -"
966,"GSW +"
967,"GSW -"
968,"Arkana-Stein"
969,"Unverwundbar"
970,"Tier-Resistenz"
971,"Monster-Resistenz"
972,"Puppen-Resistenz"
973,"Apparat-Resistenz"
974,"Tier-Schwäche"
975,"Monster-Schwäche"
976,"Puppen-Schwäche"
977,"Rückruf"
978,"Schlachttrabant"
979,"Schleichender Schaden"
980,"Flächenwirkung"
981,"Unverwundbar"
982,"Tier-Resistenz"
983,"Monster-Resistenz"
984,"Puppen-Resistenz"
985,"Apparat-Resistenz"
986,"Fixiert"
987,"Fallensteller"
988,"Paralyse"
989,"Rehabilitation"
990,"Gefesselt"
991,"Versuchung"
992,"Offensiv-Set"
993,"Defensiv-Set"
994,"Blutrausch"
995,"Erschütterung"
996,"Schädel-Hirn-Trauma"
997,"Schädel-Hirn-Trauma"
998,"Gobtrank für Stark"
999,"Gobtrank für Schnell"
1000,"Gobtrank für Schleichen"
1001,"Gobtrank-Überdosis"
1002,"Neben<->wirkungen"
1003,"Superwissenschaftler"
1004,"Hämolytikum"
1005,"Physik-Kraftfeld"
1006,"Magie-Kraftfeld"
1007,"Unsichtbar"
1008,"Gobtrank für Sund"
1009,"Fortschreitende Froschwerdung"
1010,"Granitgefängnis"
1011,"Starkes Gift"
1012,"Hochstimmung"
1013,"Verkehrung der Magi"
1014,"Rehabilitation"
1015,"Funke des Lebens"
1016,"Schaden -"
1017,"Schadenswert +"
1018,"Schadenswert +"
1019,"Magieschaden +"
1020,"Biomathematische Multiplikation"
1021,"Biomathematik-Ebene 1"
1022,"Biomathematik-Ebene 2"
1023,"Wasserkompression"
1024,"Blitzkompression"
1025,"Wasserresistenz - (stark)"
1026,"Blitzresistenz - (stark)"
1027,"Letzte Züchtigung"
1028,"In Schusslinie"
1029,"Letztes Vorläufiges Urteil α"
1030,"Letztes Vorläufiges Urteil β"
1031,"Prozess über Maximal-LP"
1032,"Prozess über Minimal-LP"
1033,"Prozess über Schwächung 1"
1034,"Prozess über Schwächung 2"
1035,"Prozess über Schwächung 3"
1036,"Prozess über Vorläufiges Urteil α"
1037,"Prozess über Vorläufiges Urteil β"
1038,"Letzte Windbestattung"
1039,"Wille des Lichts"
1040,"Wille des Lichts"
1041,"Wille des Lichts"
1042,"In Schusslinie"
1043,"In Schusslinie"
1044,"Magnetschwebe"
1045,"Zombifikation"
1046,"Starkes Gift"
1047,"Konfus"
1048,"In Schusslinie"
1049,"Pyretisch"
1050,"Routine-Bonus"
1051,"Markiert"
1052,"Windresistenz - (stark)"
1053,"Erdresistenz - (stark)"
1054,"Erhöhte Verwundbarkeit"
1055,"Gefesselt"
1056,"Windschatten"
1057,"Daunenpuffer"
1058,"Super-Sprint"
1059,"Kampftauglichkeit -"
1060,"Stumm"
1061,"Vergünstigter Teleport"
1062,"Schwermetall"
1063,"Heilmagie-Malus"
1064,"Gleichgewichtsverlust"
1065,"Brandzeichen der Opferung"
1066,"Bitterer Hass"
1067,"Giftlösung"
1068,"Assimilation"
1069,"Assimiliert"
1070,"Kubus"
1071,"Pyramide"
1072,"Beschleunigungsbombe"
1073,"Verdauungssaft"
1074,"Blutung"
1075,"Drachenreiter"
1076,"Drache"
1077,"Blitzkette"
1078,"Staatstaler-Bonus"
1079,"MGP-Bonus"
1080,"Kampfroutine-Bonus"
1081,"Sammelroutine-Bonus"
1082,"Syntheseroutine-Bonus"
1083,"Bindungsbonus"
1084,"Längere Nahrungseffekte"
1085,"Verminderter Verschleiß"
1086,"Mehr Bewerbungen"
1087,"Verwünschung"
1088,"Blind"
1089,"LP-Malus"
1090,"Schaden -"
1091,"Hast"
1092,"Amnesie"
1093,"LP-/MP-Bonus"
1094,"Gegenstände verboten"
1095,"Sprint verboten"
1096,"Rückstoß unwirksam"
1097,"LP-Regeneration unwirksam"
1098,"Ätherwelle"
1099,"Heilmagie-Bonus"
1100,"Verringerte Verwundbarkeit"
1101,"Frosch"
1102,"Huhn"
1103,"Flusskobold"
1104,"Getarnt"
1105,"Kürbis"
1106,"Getarnt"
1107,"Gewicht"
1108,"Versteckt"
1109,"Spezialresistenz +"
1110,"Nidhoggs Klaue"
1111,"Nidhoggs Fang"
1112,"Ge<->schwindig<->keit +"
1113,"Außer Gefecht"
1114,"Krankheit"
1115,"Lebender Toter"
1116,"Hast"
1117,"Stichwunde"
1118,"Pilot"
1119,"Zeitstillstand"
1120,"Urteil: Ehrenstrafe"
1121,"Urteil: Erschwerte Strafe"
1122,"Urteil: Kollektivstrafe"
1123,"Urteil: Freiheitsstrafe"
1124,"Urteil: Näherungsverbot"
1125,"Lateralschild"
1126,"Rumpf-Regeneration"
1127,"Rechte Arm-Regeneration"
1128,"Linke Arm-Regeneration"
1129,"Rumpf vollständig"
1130,"Rechter Arm vollständig"
1131,"Linker Arm vollständig"
1132,"Auf Bewährung"
1133,"Pyretisch"
1134,"Flusskobold"
1135,"Sonnensiegel"
1136,"Mondsiegel"
1137,"Feuerresistenz - (stark)"
1138,"Erhöhte Magie-Verwundbarkeit"
1139,"Schaden +"
1140,"Wiederbeleben"
1141,"Gewicht"
1142,"Ätherwelle"
1143,"Ewiges Feuer"
1144,"Ewiges Eis"
1145,"Zweischneidig"
1146,"Kämpferisch"
1147,"Schattenfessel"
1148,"Schattenhand"
1149,"Wolfsherz-Set"
1150,"Tiefkühlung"
1151,"Fae-Mantel"
1152,"Thancreds Eulenblick"
1153,"Gefesselt"
1154,"Schutz des Königs"
1155,"Ätherverstärkung"
1156,"Magieschaden +"
1157,"Wasserresistenz - (stark)"
1158,"Lust auf Zoff"
1159,"Siegel der Qual"
1160,"Debilitans"
1161,"Schaden +"
1162,"Siegel der Qual"
1163,"Genialer Funke"
1164,"Manipulation"
1165,"Fulminanter Start"
1166,"Ausloten"
1167,"Hai-Auge"
1168,"Hai-Auge II"
1169,"Artenvielfalt"
1170,"Reicher Fang"
1171,"Großes Füllhorn"
1172,"Flaschenpost"
1173,"Jungfräuliches Meer"
1174,"Intervention"
1175,"Waffengang"
1176,"Waffengang"
1177,"Urbefreiung"
1178,"Schwärzeste Nacht"
1179,"Steinernes Enigma"
1180,"Steinerne Klarheit"
1181,"Flammendes Enigma"
1182,"Meditative Bruderschaft"
1183,"Rechtes Drachen<->auge"
1184,"Linkes Drachen<->auge"
1185,"Bruderschaft"
1186,"Ten Chi Jin"
1187,"Ballade des Troubadours"
1188,"Kritische Treffer +"
1189,"Päan des Troubadours"
1190,"Menuett des Troubadours"
1191,"Schutzwall"
1192,"Konvaleszenz"
1193,"Reflexion"
1194,"Vorausahnung"
1195,"Zermürben"
1196,"Palisade"
1197,"Taktiker"
1198,"Erfrischung"
1199,"Peloton"
1200,"Kaustischer Biss"
1201,"Sturmbiss"
1202,"Nophicas Minne"
1203,"Stumpfsinn"
1204,"Klartraum"
1205,"Flammenwerfer"
1206,"Numinosum"
1207,"Huld"
1208,"Erhöhte Verwundbarkeit"
1209,"Abtausch"
1210,"Blitzka"
1211,"Tripelzauber"
1212,"Verbessertes Ruinra"
1213,"Hingabe"
1214,"Bioga"
1215,"Miasga"
1216,"Schwer beladen"
1217,"Ex Machina"
1218,"Göttlicher Segen"
1219,"Vollkommener Ablass"
1220,"Weise Voraussicht"
1221,"Kritische Strategie"
1222,"Feenbund"
1223,"Feenbund"
1224,"Irdische Herrschaft"
1225,"Schaden +"
1226,"Verringerte Verwundbarkeit"
1227,"Yukikaze"
1228,"Higanbana"
1229,"Klinge: Kaiten"
1230,"Segnung"
1231,"Meditieren"
1232,"Drittes Auge"
1233,"Meikyo Shisui"
1234,"Erzfeuer-bereit"
1235,"Erzstein-bereit"
1236,"Verbessertes Enpi"
1237,"Verbessertes Zerstreuen"
1238,"Präparation"
1239,"Ermutigen"
1240,"Hissatsu: Chiten"
1241,"Duell"
1242,"Duellant"
1243,"Sprungbereit"
1244,"Stürmendes Enigma"
1245,""
1246,""
1247,"Neutral (Diurnal)"
1248,"Planetare Herrschaft"
1249,"Doppelzauber"
1250,"Neuausrichtung"
1251,"Gyrocopter-Kalibrierung"
1252,"Offene Augen"
1253,"Markiert"
1254,"Tiefkühlung"
1255,"Feuerresistenz - (stark)"
1256,"Verwundet"
1257,"Zwangsmarsch"
1258,"Gefesselt"
1259,"Alt"
1260,"Blitzresistenz - (stark)"
1261,""
1262,"Sammelglück erhöht II (Limit)"
1263,"Rehabilitation"
1264,"Wille des Lichts"
1265,"Wille des Lichts"
1266,"Supertransparenz"
1267,"Angekrallt"
1268,"In Ereignis"
1269,"Auf Bewährung"
1270,"Schäumend"
1271,"Gekreuzte Klingen"
1272,"Hiebresistenz - (stark)"
1273,"Sinkend"
1274,"Bardams Strafe"
1275,"Feuerkonvergenz"
1276,"Eiskonvergenz"
1277,"Blitzkonvergenz"
1278,"Feueraspektiert"
1279,"Eisaspektiert"
1280,"Blitzaspektiert"
1281,"Rahu-Kräftigung"
1282,"Ketoh-Kräftigung"
1283,"Konfus"
1284,"Außer Gefecht"
1285,"Sammelglück erhöht II"
1286,"Sammelgewinn erhöht II (Limit)"
1287,"Umklammert"
1288,"FATE-Bonus"
1289,"FATE-Bonus"
1290,"Vril"
1291,"Ruinierung"
1292,"Schweinchen"
1293,"Geistlenkung vorwärts"
1294,"Geistlenkung rückwärts"
1295,"Geistlenkung links"
1296,"Geistlenkung rechts"
1297,"Ermutigen"
1298,"Fugetsu"
1299,"Fuka"
1300,"Deckung"
1301,"Gedeckt"
1302,"Heiliger Boden"
1303,"Urbefreiung"
1304,"Holmgang"
1305,"Holmgang"
1306,"Einziger Überlebender"
1307,"Eisstachel"
1308,"Schwärzeste Nacht"
1309,"Demolieren"
1310,"Steinernes Enigma"
1311,"Steinerne Klarheit"
1312,"Chaotischer Tjost"
1313,"Schattenfang"
1314,"Meuchelsprung"
1315,"Kakuremi"
1316,"Versteckt"
1317,"Tri-Mudra"
1318,"Zanshin"
1319,"Higanbana"
1320,"Meikyo Shisui"
1321,"Kaustischer Biss"
1322,"Sturmbiss"
1323,"Wildfeuer"
1324,"Blitz"
1325,"Spontaneität"
1326,"Bioga"
1327,"Miasga"
1328,"Stromschlag"
1329,"Siechen"
1330,"Regena"
1331,"Dynamisieren"
1332,"Chanchala"
1333,"Auge um Auge"
1334,"Auge um Auge"
1335,"Kurzfassung"
1336,"Synastrie"
1337,"Synastrie"
1338,"Waage"
1339,"Eiche"
1340,"Krug"
1341,"Turm"
1342,"Sprint"
1343,"Betäubung"
1344,"Gewicht"
1345,"Fessel"
1346,"Gemach"
1347,"Stumm"
1348,"Schlaf"
1349,"Betäubungsresistenz"
1350,"Gewicht-Resistenz"
1351,"Fessel-Resistenz"
1352,"Gemach-Resistenz"
1353,"Stumm-Resistenz"
1354,"Schlafresistenz"
1355,"Rückstoß unwirksam"
1356,"Flusskobold"
1357,"Gravitationsumkehr"
1358,"Erhöht"
1359,"Steinwerdung"
1360,"Schwerkraftschwankung"
1361,"Magitek-Levitation"
1362,"Heiliger Quell"
1363,"Schlaf"
1364,"Stürmendes Enigma"
1365,"Blitzga-bereit"
1366,"Levitation"
1367,"Impaktbereit"
1368,"Requiescat"
1369,"Requiescat"
1370,"Halones Groll"
1371,"Fleischerbeil"
1372,"Kraftschlitzer"
1373,"Halbmaterialisiert"
1374,"Zielbereich rechts"
1375,"Zielbereich links"
1376,"Vergrößertes Ich"
1377,"Vitalabsorption"
1378,"Doppelzauber"
1379,"Almagest"
1380,"Wunde des Lebenden"
1381,"Wunde des Toten"
1382,"Jenseits des Jenseits"
1383,"LP-Malus"
1384,"Beschleunigungsbombe"
1385,"Gleichgewichtsverlust"
1386,"Schlamm"
1387,"Veränderte Reichweite"
1388,"Stygische Asche"
1389,"Versuchung"
1390,"Levitation"
1391,"Gefesselt"
1392,"Glanzmondstein"
1393,"Doppelzauber"
1394,"Lahm"
1395,"Schild-Eid"
1396,"Verteidiger"
1397,"Zähigkeit"
1398,"Tier in dir"
1399,"Gefesselt"
1400,"Terror"
1401,"Kampftauglichkeit -"
1402,"Erhöhte Verwundbarkeit"
1403,"Lichtgeschwindigkeit"
1404,"Göttlicher Segen"
1405,"Inakt"
1406,"Kritische Strategie"
1407,"Sperrfeuer"
1408,"Cometeor"
1409,"Terminierung"
1410,"Chanchala"
1411,"Routine-Bonus (bevorzugte Welt)"
1412,"Erhöhte Verwundbarkeit"
1413,"Flammendes Enigma"
1414,"Litanei der Schlacht"
1415,"Protes"
1416,"Erniedrigt"
1417,"Steinfluch"
1418,"Verlassen"
1419,"Fluch des Drachen"
1420,"Am Steuer"
1421,"Huhn"
1422,"Plötzliche Panik"
1423,"Ver<->wand<->lung"
1424,"Wort Gottes: Hinfort!"
1425,"Wort Gottes: Sieh weg!"
1426,"Entmutigung"
1427,"Nässe"
1428,"削除予定"
1429,"Atemnot"
1430,"Mythischer Endkampf"
1431,"Turmfeld"
1432,"Turmfeld"
1433,"Ver<->wand<->lung"
1434,"Magieempfindlichkeit"
1435,"Stichresistenz - (stark)"
1436,"Stärke des Phönix"
1437,"Lohs Daih"
1438,"Übernatürliche Kraft"
1439,"Strategie: Frei"
1440,"Strategie: Offensiv"
1441,"Strategie: Defensiv"
1442,"Strategie: Ausgeglichen"
1443,"Marionette"
1444,"Magitek-Feld"
1445,"Maske der Lüge"
1446,"Maske der Wahrheit"
1447,"Elementarroutine-Bonus"
1448,"Ver<->wand<->lung"
1449,"Menuett des Troubadours"
1450,"Päan des Troubadours"
1451,"König der Kronen"
1452,"Königin der Kronen"
1453,"Rechtes Drachen<->auge"
1454,"Linkes Drachen<->auge"
1455,"Flammenwerfer"
1456,"Schlachtrausch"
1457,"Abschütteln"
1458,"Flammenwerfer"
1459,"Ver<->wand<->lung"
1460,"Gefesselt"
1461,"Elementarer Segen: Routine"
1462,"Außer Gefecht"
1463,"Elementarer Segen: Schaden"
1464,"Zeitnot"
1465,"Motivation"
1466,"Stichwunde"
1467,"Gelbe Farbe"
1468,"Blaue Farbe"
1469,"Schwarze Farbe"
1470,"Rote Farbe"
1471,"Letzter Kuss"
1472,"Apathie"
1473,"Zement"
1474,"Dreck"
1475,"Ätherfäule"
1476,"Ätherfäule-Immunität"
1477,"Gefesselt"
1478,"Kopplung"
1479,"Freier Fall"
1480,"Pandämonium"
1481,"Unheilvoller Wind"
1482,"Mana-Aufladung"
1483,"Feuga-Aufladung"
1484,"Eisga-Aufladung"
1485,"Blitzga-Aufladung"
1486,"Narrenspiel"
1487,"Narrensicher"
1488,"Unheilbar"
1489,"Ultros-Kampfprogramm"
1490,"Luftwaffen-Kampfprogramm"
1491,"Dadarma-Kampfprogramm"
1492,"Bibliotaph-Kampfprogramm"
1493,"Virus"
1494,"Superfan"
1495,"Revier des Rathalos"
1496,"Verschwunden"
1497,"Gefesselt"
1498,"Schock"
1499,"Schwermetall"
1500,"Schwermetall"
1501,"Schwermetall"
1502,"Schwermetall"
1503,"Leichtmetall"
1504,"Leichtmetall"
1505,"Leichtmetall"
1506,"Leichtmetall"
1507,"Giftpollen"
1508,"Beißender Wind"
1509,"Gemach"
1510,"Schlaf"
1511,"Stein"
1512,"Rückstoß unwirksam"
1513,"Betäubung"
1514,"スリル・オブ・ウォー：効果"
1515,"Schweben"
1516,"Zement"
1517,"Feuerresistenz +"
1518,"König der Lüfte"
1519,"Prellung"
1520,"Aufgesessen"
1521,"Betäubung"
1522,"Betäubung"
1523,"Hast +"
1524,"Blind"
1525,"Tiefdruck"
1526,"Hochdruck"
1527,"Fluchflamme"
1528,"Ätheraufladung"
1529,"Ätherüberladung"
1530,"Ätherhyperladung"
1531,"Immer dem Hasen nach"
1532,"Ätheroplasma"
1533,"Luftgebunden"
1534,"Rollenwechsel"
1535,"Vollmond"
1536,"Neumond"
1537,"Blutmond"
1538,"Mondschein"
1539,"Mondschatten"
1540,"Schattenschleier"
1541,"Lichtschleier"
1542,"Verfolgung"
1543,"Verfolgung"
1544,"Schaden +"
1545,"Verringerte Verwundbarkeit"
1546,"Geottert"
1547,"Eiserner Kampfeswille"
1548,"Sprint"
1549,"Entzaubert"
1550,"Positives Magnetfeld"
1551,"Negatives Magnetfeld"
1552,"Magnetschwebe"
1553,"Absoluter Drache"
1554,"Freies Herz"
1555,"Herzlos"
1556,"Bedroht"
1557,"LP-Malus"
1558,"LP-Bonus +1"
1559,"LP-Bonus +2"
1560,"LP-Bonus +3"
1561,"LP-Bonus +4"
1562,"Standardmodul"
1563,"Tartarus-Modul"
1564,"Auslöschungsmodul"
1565,"Verbesserte Rechenleistung"
1566,"Rechenfehler"
1567,"Primae-Wahn"
1568,"Gemach +"
1569,"Temporäre Metamorphose"
1570,"Unverwundbar"
1571,"Lauf der Zeit"
1572,"Schaden +"
1573,"Groll"
1574,""
1575,"Brüderliche Bande"
1576,"石化の呪い"
1577,"Brandwunde"
1578,"Gluthitze"
1579,"Glatteis"
1580,"Glatteis"
1581,"Adaption"
1582,"Mutation"
1583,"Elementarroutine-Bonus"
1584,"Komainus Gunst"
1585,"Inugamis Gunst"
1586,"Senris Gunst"
1587,"Elementare Harmonie"
1588,"Mutation"
1589,"Mutation"
1590,"Zwielichtige Flammen"
1591,"Ätherüberladung"
1592,"Schaden +"
1593,"Adaption"
1594,"100 Fäuste"
1595,"Gewicht"
1596,"Schlaf"
1597,"Erhöhte Verwundbarkeit"
1598,"Mutation"
1599,"Pyretisch"
1600,"Chaosflammen"
1601,"Chaosspritzer"
1602,"Chaosböen"
1603,"Chaossturm"
1604,"Chaossumpf"
1605,"Chaoserde"
1606,"Schlammverschmiert"
1607,"●弱点：雷属性"
1608,"Ver<->wand<->lung"
1609,"Ver<->wand<->lung"
1610,"Kraft der Erde"
1611,"Magische Barriere"
1612,"Magische Barriere blockiert"
1613,"Glühen der Seele"
1614,"Gefesselt"
1615,"Zerstörung der magischen Barriere"
1616,"Strafe des Himmels"
1617,"Strafe der Erde"
1618,"Logos-Erbe"
1619,"Handelt"
1620,"Enthüllt"
1621,"Verborgen"
1622,"Kritische Attacke"
1623,"Elektrische Ladung"
1624,"Programmschleife"
1625,"Allmähliches Vergessen"
1626,"Vergessen"
1627,"Kette des Vergessens"
1628,"Steinwerdung"
1629,"Löschen"
1630,"Wahre Form"
1631,"Vermächtnis des Zauberers"
1632,"Vermächtnis des Kämpfers"
1633,"Vermächtnis des Ritters"
1634,"Vermächtnis des Wächters"
1635,"Vermächtnis des Priesters"
1636,"Vermächtnis des Kampfkünstlers"
1637,"Vermächtnis des Spähers"
1638,"Vermächtnis des heiligen Ritters"
1639,"Vermächtnis des Berserkers"
1640,"Vermächtnis des Diebes"
1641,"Segen des Helden"
1642,"Logos-Protes"
1643,"Logos-Vallum"
1644,"Logos-Eile"
1645,"Velocitas"
1646,"Logos-Courage"
1647,"Physischer Schild"
1648,"Magischer Schild"
1649,"Logos-Reflexion"
1650,"Logos-Gift"
1651,"Logos-Erfrischung"
1652,"Magieexplosion"
1653,"Logos-Zweischneid"
1654,"Logos-Geistpfeil"
1655,"Logos-Bann"
1656,"Starksammeln"
1657,"Logos-Hohn"
1658,"Omega"
1659,"Grenzüberschreitung"
1660,"Sicherungssystem M"
1661,"Sicherungssystem W"
1662,"Resonanzprogramm: Nah"
1663,"Resonanzprogramm: Fern"
1664,"Kritischer Bug: Synchronisierung"
1665,"Kritischer Bug: Überlauf"
1666,"Kritischer Bug: Unterlauf"
1667,"Bug-Korrektur: Synchronisierung"
1668,"Bug-Korrektur: Überlauf"
1669,"Bug-Korrektur: Unterlauf"
1670,"Latenter Bug"
1671,"Latenter Bug: Unterlauf"
1672,"Regression: Nah"
1673,"Regression: Fern"
1674,"Omega-M"
1675,"Omega-W"
1676,"Verflüssigt"
1677,"Logos-Blutbad"
1678,""
1679,"Verzögerung: Giga-Rückführung"
1680,"Verzögerung: Flare"
1681,"Marschbefehl"
1682,"Yin-Schlaf"
1683,"Yang-Schlaf"
1684,"Kommando: Stillstandga"
1685,"Kommando: Sturm"
1686,"Kommando: Tornado"
1687,"Rehabilitation"
1688,"Fokusangriff"
1689,"Angriffsziel"
1690,"Kraft des Himmels"
1691,"Kraft der Erde"
1692,"Geisterwache"
1693,"Hiebresistenz -"
1694,"Stichresistenz -"
1695,"Apathie"
1696,"In den Fluten"
1697,"Unverwundbar"
1698,"Mutationen"
1699,"Puppencrescendo"
1700,"Mutationen"
1701,"Schutzfeld"
1702,"Frostbeule"
1703,"Nervenschock"
1704,"Programmschleife"
1705,"Versteckt"
1706,"Ausweich-Bonus"
1707,"Rechts verborgen"
1708,"Links verborgen"
1709,"Hinten verborgen"
1710,"Arm des Lichts"
1711,"Arm der Dunkelheit"
1712,"Gewand des Lichts"
1713,"Gewand der Dunkelheit"
1714,"Blutung"
1715,"Faulgestank"
1716,"Starksammeln"
1717,"Eingeschüchtert"
1718,"Ekstatischer Kampf"
1719,"Totalabwehr"
1720,"Eisstachel"
1721,"Unheimliche Aura"
1722,"Diamantrücken"
1723,"Beißender Wind"
1724,"Wogenschleier"
1725,"Fluchträger"
1726,"Seelenfessel"
1727,"Ermüdung des ekstatischen Kampfes"
1728,"Vertraglich gebunden"
1729,"Fest entschlossen"
1730,"Maximale Motivation"
1731,"Tiefkühlung"
1732,"Bonus für Elementar-EP"
1733,"Schildträger"
1734,"Schwertträger"
1735,"Himmlischer Schild"
1736,"Wassersucht"
1737,"Schleimiges Sekret"
1738,"Verhängnis"
1739,"Vermächtnis des Weisen"
1740,"Vermächtnis des Fechtmeisters"
1741,"Vermächtnis des Bogengeweihten"
1742,"Vermächtnis des Helden"
1743,"Aufopferung"
1744,"Sternenformation"
1745,"Schwarzschild-Immunität"
1746,"Aufwind"
1747,"Furchtlos"
1748,"Wächter-Aegis"
1749,"Erweiterter Radius"
1750,"Resonanz der gekreuzten Speere"
1751,"Elementarer Bias: Feuer"
1752,"Elementarer Bias: Eis"
1753,"Blutmagie"
1754,"Teleportaffinität"
1755,"Wiederbelebungsbegrenzung"
1756,"Elementarer Segen"
1757,"Gefesselt"
1758,"Tiefkühlung"
1759,"Verringerte Verwundbarkeit"
1760,"Schaden +"
1761,"Eisresistenz +"
1762,"Am Boden"
1763,"LP-Bonus"
1764,"Magitek-Rüstung"
1765,"Magitek-Rüstung"
1766,"Schaden +"
1767,"Geschwächtes Magitek-Feld"
1768,"Wasserkäfig"
1769,"Verhängnis"
1770,"Schaden +"
1771,"Ebenbild der Tugend"
1772,"Vorbereitung zum Sturmangriff"
1773,"Vorbereitung zur Intervention"
1774,"Feuer der Aramitama"
1775,"Rückkehr zur Esse"
1776,"Schlagresistenz -"
1777,"Rückkehr zur Esse"
1778,"Reittier-Blockade"
1779,"Ajisai"
1780,"Magieverschmutzung"
1781,"Schaden +"
1782,"Verringerte Verwundbarkeit"
1783,"Elementarer Bias: Feuer"
1784,"Elementarer Bias: Eis"
1785,"Am Boden"
1786,"Angriffsvorbereitung"
1787,"Brandwunde"
1788,"Erfrierung"
1789,"Erhöhte Verwundbarkeit"
1790,"Schattenfessel"
1791,"Magieinjektion"
1792,"Magitek-Überrüstung"
1793,"Todessiegel"
1794,"Erhitzt"
1795,"Erhitzt"
1796,"Gewicht"
1797,"Kritische Attacke"
1798,"Doppelzauber"
1799,"Feenlicht"
1800,"Aufgebläht"
1801,"Rigoroser Abbau"
1802,"Geschenk der Erde"
1803,"Bunte Gewässer"
1804,"Stetes Angeln"
1805,"Stetes Harpunieren"
1806,"Wiederverwertung"
1807,"Kokon der Wahren Reue"
1808,"Verzögerung"
1809,"Verzögerung: Unheiliges Dunkel"
1810,"Verzögerung: Dunkel-Feuga"
1811,"Verzögerung: Höllenwind"
1812,"Verzögerung: Schattenauge"
1813,"Fleischwunde"
1814,"Invertierte Cascade"
1815,"Fallende Fontäne"
1816,"Steigende Windmühle"
1817,"Blutklingen"
1818,"Einfache Choreographie"
1819,"Komplexe Choreographie"
1820,"Fächertanz III"
1821,"Einfaches Finale"
1822,"Komplexes Finale"
1823,"Tanzpartner"
1824,"Auserwählter Tanzpartner"
1825,"Todestango"
1826,"Schildsamba"
1827,"Tanzimprovisation"
1828,"Tanzimprovisation (Heilung)"
1829,"Unverwundbar"
1830,"Verhexung"
1831,"Ohne Gnade"
1832,"Camouflage"
1833,"Eid der Leibgardisten"
1834,"Nebula"
1835,"Aurora"
1836,"Meteoritenfall"
1837,"Schallbrecher"
1838,"Schockpatrone"
1839,"Wackeres Herz"
1840,"Steinernes Herz"
1841,""
1842,"Hungernde Fänge"
1843,"Geschärfte Klauen"
1844,"Blutige Krallen"
1845,"Erhöhte Verwundbarkeit"
1846,"Verwünschung von Ronka"
1847,"Tanzfieber"
1848,"Tanzfieber"
1849,"Fesselung"
1850,"Omen der Erdrückung"
1851,"Omen des Sturms"
1852,"Omen des Wasserwirbels"
1853,"Omen der Ertränkung"
1854,"Omen der Zerstörung"
1855,"Omen der Auflösung"
1856,"Schiltron"
1857,"Urflackern"
1858,"Urglimmen"
1859,"Geschwächter Lebensäther"
1860,"Stillstand des Lebens"
1861,"Verbesserter Schlag auf Schlag"
1862,"Anatman"
1863,"Zornesfeuer"
1864,"Lanzenschärfung"
1865,"Meditationsebene"
1866,"Bioblaster"
1867,"Innerer Quell"
1868,"Schwingen der Unsterblichkeit"
1869,"Wirbelströmung"
1870,"Reißende Klauen"
1871,"Dia"
1872,"Linderung"
1873,"Linderung"
1874,"Hauch der Seraphim"
1875,"Seraphische Illumination"
1876,"König der Kronen"
1877,"Königin der Kronen"
1878,"Weissagung"
1879,"Opposition"
1880,"Opposition (Nocturnal)"
1881,"Konjunktion III"
1882,"Kraft der Waage"
1883,"Kraft der Eiche"
1884,"Kraft des Pfeils"
1885,"Kraft des Speers"
1886,"Kraft des Krugs"
1887,"Kraft des Turms"
1888,"Kongruenz (Diurnal)"
1889,"Kongruenz"
1890,"Horoskop"
1891,"Helios-Horoskop"
1892,"Neutral"
1893,"Omen der Böen"
1894,"Dunkler Bote"
1895,"Causae et Curae"
1896,"Raffinesse"
1897,"Saat des Chaos"
1898,"Brutaler Einschlag"
1899,"Stromschlag"
1900,"Flügelschild"
1901,"Flügelschild"
1902,"Königliche Erhabenheit"
1903,"Phantomgestalt"
1904,"Entfesseltes Licht"
1905,"Magische Rüstung"
1906,"Perfekte Unsichtbarkeit"
1907,"Körperliche Last"
1908,"Gefesselt"
1909,"Erweiterter Radius"
1910,"Rechtes Drachen<->auge"
1911,"Refugium"
1912,"Refugium"
1913,"Vauthrys Segnung"
1914,"Drachengriff"
1915,"Egi-Attacke I"
1916,"Name der Elemente"
1917,"Schleier der Seraphim"
1918,"Katalyse"
1919,"Schadenswert +"
1920,"Neutral (Diurnal)"
1921,"Neutral"
1922,"Vauthrys Segnung"
1923,"Vauthrys Segnung"
1924,"Vauthrys Segnung"
1925,"Vauthrys Segnung"
1926,"Legeschema"
1927,"Schild der Zuversicht"
1928,"Blitzhaut"
1929,"Unzähmbares Licht"
1930,""
1931,"Cermet-Matrix"
1932,"Gunst des Schlachtensängers"
1933,"Beistand des Schlachtensängers"
1934,"Troubadour"
1935,"Klitschnass"
1936,"Gaia-Panzer"
1937,"In Ereignis"
1938,"Sprint"
1939,"Feen-Verlockung"
1940,"Frieren"
1941,"Verhexung von Ronka"
1942,"Auf Erkundung"
1943,"Hastiludia"
1944,"Geweihte Erde"
1945,"Reittier-Blockade"
1946,"Wildfeuer"
1947,"Schlaf"
1948,"Magieschaden -"
1949,"Omen des Sturms"
1950,"Am Boden"
1951,"Taktiker"
1952,"Versteckt"
1953,"Am Boden"
1954,"Doppeltes Ich"
1955,"Meuchelsprungbereit"
1956,"Seelisch unsichtbar"
1957,""
1958,"Geistlenkung vorwärts"
1959,"Geistlenkung rückwärts"
1960,"Geistlenkung links"
1961,"Geistlenkung rechts"
1962,"Hast"
1963,"Am Boden"
1964,"Egi-Attacke II"
1965,"Egi-Attacke III"
1966,"Egi-Attacke IV"
1967,"Schlaf-Resistenz"
1968,"Zwergenhelm"
1969,"Zwergenhelm"
1970,"Verhängnis"
1971,"Manafizierung"
1972,"Blutdelirium"
1973,"Blitzresistenz - (stark)"
1974,"Wiedergewonnenes Paradies"
1975,"Rasantes Wachstum"
1976,"Maximalwachstum"
1977,"Voller Schwinger"
1978,"Schutzwall"
1979,"アルティメイタム"
1980,"アルティメイタム[被]"
1981,"Zahn um Zahn"
1982,"Blutbad"
1983,"Obhut"
1984,"Abtausch"
1985,"Peloton"
1986,"Phantompfeil"
1987,"Spontaneität"
1988,"Stumpfsinn"
1989,"Mana-Schild"
1990,"Gleichgewicht"
1991,"Schwert-Eid"
1992,"Geschärfte Chaosklinge"
1993,"Abschütteln"
1994,"ブラッドスピラー"
1995,"クワイタス"
1996,"Blutdelirium"
1997,"Brutaler Einschlag"
1998,"バーストストライク"
1999,"フェイテッドサークル"
2000,"Wackeres Herz"
2001,"無敵"
2002,"Hungernde Fänge"
2003,"Geschärfte Klauen"
2004,"Blutige Krallen"
2005,"Sengende Aura"
2006,"Steinerne Aura"
2007,"Wesen des Windes"
2008,"Steinernes Enigma"
2009,"Menuett des Wanderers"
2010,"Doppeltes Ich"
2011,"Superkniff"
2012,"Corps-a-corps"
2013,"Körperparade"
2014,"Trickattacke"
2015,"Königliche Erhabenheit"
2016,"ホーリースピリット効果アップ"
2017,"Mannstopper"
2018,"Wildfeuer"
2019,"Bioblaster"
2020,"Intervention"
2021,"Fächertanz III"
2022,"Schwerttanz"
2023,"Einfache Choreographie"
2024,"Einfaches Finale"
2025,"Tanzfieber"
2026,"Tanzpartner"
2027,"Auserwählter Tanzpartner"
2028,"三連魔"
2029,"Quell des Feuers"
2030,"Schwingen der Unsterblichkeit"
2031,"ヴァルエアロ"
2032,"ヴァルサンダー"
2033,"Arret-Stoß"
2034,"Weissagung"
2035,"Dia"
2036,"Afflatus solatii"
2037,"Linderung"
2038,"Linderung"
2039,"Causae et Curae"
2040,"Schleier der Seraphim"
2041,"Konjunktion III"
2042,"Neutral (Diurnal)"
2043,"Neutral (Nocturnal)"
2044,"Neutral"
2045,"シャーク"
2046,"シャーク[被]"
2047,"Hellwach"
2048,"En Avant"
2049,"Komplexe Choreographie"
2050,"Komplexes Finale"
2051,"Tanzfieber"
2052,"Fächertanz"
2053,"Protes"
2054,"Gezogen: König der Kronen"
2055,"Gezogen: Königin der Kronen"
2056,""
2057,""
2058,""
2059,""
2060,""
2061,"Urflackern"
2062,"Urglimmen"
2063,"Blut-Erda (nah)"
2064,"Blut-Erda (fern)"
2065,"Aurora"
2066,"Blut-Erda"
2067,"Blut-Erda"
2068,"Niederschmetternd"
2069,"Dissipation"
2070,"Opposition (Diurnal)"
2071,"Opposition (Nocturnal)"
2072,"Lege Artis"
2073,"Beißende Säure"
2074,"Schadenswert +"
2075,"Blitzra"
2076,"Confiteor"
2077,"Inneres Chaos"
2078,"Chaosklinge"
2079,"Fleischwunde"
2080,"Stichwunde"
2081,"Prellung"
2082,"Brandwunde"
2083,"Erfrierung"
2084,"Beißender Wind"
2085,"Schlamm"
2086,"Stromschlag"
2087,"Wassersucht"
2088,"Blutung"
2089,"Gift"
2090,"Erhöhte physische Verwundbarkeit"
2091,"Erhöhte Magie-Verwundbarkeit"
2092,"Schaden -"
2093,"Heilmagie -"
2094,"Wasserresistenz - (stark)"
2095,"Blitzresistenz - (stark)"
2096,"Windresistenz - (stark)"
2097,"Erdresistenz - (stark)"
2098,"Feuerresistenz - (stark)"
2099,"Gewicht"
2100,"Schwerkraftschwankung"
2101,"Reflexion"
2102,"Schattenklinge"
2103,"Prellung"
2104,"Gift"
2105,"Einfaches Finale"
2106,"Verzögerung: Flare"
2107,""
2108,"Abschütteln"
2109,"Außer Gefecht"
2110,"Orbis Antiquus"
2111,"Markiert"
2112,"Markiert"
2113,"Einfaches Finale"
2114,"Gobhaut"
2115,"Stumpfsinn"
2116,"Absichern"
2117,"Absichern"
2118,"Angriffsbereit"
2119,"Sukkulentenschild"
2120,"LP-Bonus"
2121,"Lichtschwäche"
2122,"Schattenschwäche"
2123,"Leibesschwäche"
2124,"Äther-Mimikry: Verteidiger"
2125,"Äther-Mimikry: Angreifer"
2126,"Äther-Mimikry: Heiler"
2127,"Schwindender Wille"
2128,"Brandmal des Feuers"
2129,"Brandmal des Eises"
2130,"Verbessertes Surpanakha"
2131,"Euphorie I"
2132,"Euphorie II"
2133,"Euphorie III"
2134,"Euphorie IV"
2135,"Euphorie V"
2136,"Ewige Flammen"
2137,"Letztes Vorläufiges Urteil γ"
2138,"Letztes Vorläufiges Urteil δ"
2139,"Prozess über Vorläufiges Urteil γ"
2140,"Prozess über Vorläufiges Urteil δ"
2141,"Prozess über Schwächung 4"
2142,"Wasserkompression"
2143,"Blitzkompression"
2144,"Wasserresistenz - (stark)"
2145,"Blitzresistenz - (stark)"
2146,"Enigma-Kodex"
2147,"Enigma-Kodex"
2148,"Kontaktverbot"
2149,"Kontakt-Order"
2150,"Fluchtverbot"
2151,"Fluchtbeobachtung"
2152,"Urteil: Kontaktverbot"
2153,"Urteil: Kontakt-Order"
2154,"Urteil: Fluchtverbot"
2155,"Urteil: Fluchtbeobachtung"
2156,"Verbrennung"
2157,"Öl"
2158,"Gewicht"
2159,"Stillgestanden"
2160,""
2161,"Geistlenkung vorwärts"
2162,"Geistlenkung rückwärts"
2163,"Geistlenkung links"
2164,"Geistlenkung rechts"
2165,"Zeitstillstand"
2166,"Magitek-Feld"
2167,""
2168,"Heiliger Quell"
2169,"Heiliger Quell (Barriere)"
2170,"Schattenflut"
2171,"Dunkler Bote"
2172,"Abtausch"
2173,"Meditative Bruderschaft"
2174,"Bruderschaft"
2175,"Vitalwallung"
2176,"Meditationsebene"
2177,"Taktiker"
2178,"Gunst des Hüters"
2179,"Testudo"
2180,"Triggerwut"
2181,"Abtausch"
2182,"Weise Voraussicht"
2183,"ノクターナルフィールド"
2184,"Gegenangriff"
2185,"Zermürben"
2186,"Konzentration"
2187,"Ätherschub"
2188,"Huld"
2189,"Innovation"
2190,"Letzte Kontrolle"
2191,"Motorisches Gedächtnis"
2192,"Pesthauch"
2193,""
2194,"Brandwunde"
2195,""
2196,"Entfesseltes Licht"
2197,"Halb-Zombie"
2198,"Verringerte Verwundbarkeit"
2199,"Brandwunde"
2200,"Stromschlag"
2201,"Doppelung der Alten"
2202,""
2203,"Brandmal der Sterblichen"
2204,"Temperatur normal"
2205,"Temperatur +1"
2206,"Meteorfänger"
2207,"Geistschild"
2208,"Verkörperter Zorn"
2209,"Verkörperte Trauer"
2210,"Zorn"
2211,"Trauer"
2212,"Temperatur +2"
2213,"Erhöhte Verwundbarkeit"
2214,"Hymne der Krieger"
2215,"Menuett des Wanderers"
2216,"Menuett des Wanderers"
2217,"Ballade des Weisen"
2218,"Hymne der Krieger"
2219,"Schwarzes Drachenblut"
2220,"Schaden +"
2221,"Prozess über Schwächung 3"
2222,"Letztes Vorläufiges Urteil α"
2223,"Letztes Vorläufiges Urteil β"
2224,"Prozess über Vorläufiges Urteil α"
2225,"Prozess über Vorläufiges Urteil β"
2226,"Ehrfurcht"
2227,"Urflackern"
2228,"Überspannungsschutz"
2229,"Statische Ladung"
2230,"パニック"
2231,"Wütender Blitz"
2232,"Elektrisiert"
2233,"Stromleiter"
2234,""
2235,"Fluch des Windes"
2236,"Fluch der Flammen"
2237,"Höllenfessel"
2238,"Denaturation Licht"
2239,"Denaturation Dunkelheit"
2240,"Deportation: vorne"
2241,"Deportation: hinten"
2242,"Deportation: links"
2243,"Deportation: rechts"
2244,"Hydromimesis"
2245,"Fluch des Blitzes"
2246,"Gemach"
2247,"Ziel des Ansturms"
2248,"Schlagresistenz -"
2249,"Außer Balance"
2250,"Auf wackeligen Beinen"
2251,"Allmähliche Kühlung"
2252,"Tiefkühlung"
2253,"Lichtfessel"
2254,"Lichtfessel"
2255,"Bann des Lichts"
2256,"Bann des Lichts"
2257,"Exzessives Licht"
2258,"Krallen des heiligen Drachen"
2259,"Reißzähne des heiligen Drachen"
2260,"Verfluchung der Eisgöttin"
2261,"Verfluchung des Drachen"
2262,"Segen des Lichts"
2263,"Schockstachel"
2264,"Stand festigen"
2265,"Starkes Standbein"
2266,"Versuchung"
2267,"Fleischschild"
2268,"Temperatur -1"
2269,"In FATE"
2270,""
2271,"Panik"
2272,"Panik"
2273,""
2274,"Temperatur -2"
2275,"Temperatur instabil"
2276,"In Verkleidung"
2277,"Temperaturfluch +1"
2278,"Lichtresistenz -"
2279,""
2280,"Rasantes Wachstum"
2281,"Maximalwachstum"
2282,"Ermutigen"
2283,"Numinosum"
2284,"Volle Kraft"
2285,"Fesselung"
2286,"Fesselung"
2287,"Vollkommene Unbesiegbarkeit"
2288,"Schutzsysteme A"
2289,"Schutzsysteme B"
2290,"Schutzsysteme C"
2291,"Temperaturfluch +2"
2292,"Temperaturfluch -1"
2293,"Sprint"
2294,"Übermodus"
2295,"Ätherbarriere"
2296,"Temperaturfluch -2"
2297,"Heiße Klinge +1"
2298,"Heiße Klinge +2"
2299,"Kalte Klinge -1"
2300,"Kalte Klinge -2"
2301,"Geliebt"
2302,"Gehasst"
2303,"Absoluter Erweckter"
2304,"Schwebende Fesseln"
2305,"Zombie"
2306,"Lektionsmodul"
2307,"Beschränkung: Übermodus"
2308,"Beschränkung: Ätherbarriere"
2309,"Unbändiger Zorn"
2310,"Berserkerwut"
2311,"Trank des Veteranen"
2312,"Trank des Kämpfers"
2313,"Trank des Heilers"
2314,"Trank des Kampfmagiers"
2315,"Trank des Ritters"
2316,"Trank des Beschützers"
2317,"Trank des Priesters"
2318,"Trank des Kriegers"
2319,"Trank des Spähers"
2320,"Trank des Mönchs"
2321,"Trank des Berserkers"
2322,"Trank des Diebes"
2323,"Trank des Blutsaugers"
2324,"Trank der Wolfsleute"
2325,"Trank des Paladins"
2326,"Gemüt der Verdrossenheit"
2327,"Gemüt der Ungehaltenheit"
2328,"Gemüt der Beharrlichkeit"
2329,"Gemüt der Folgsamkeit"
2330,"Gemüt der Besinnlichkeit"
2331,"Gemüt der Empfindsamkeit"
2332,"Verschollene Magiefontäne"
2333,"Verschollenes Protes"
2334,"Verschollenes Vallum"
2335,"Verschollene Eile"
2336,"Verschollene Coeurl-Pfoten"
2337,"Verschollene Reflexion"
2338,"Verschollene Zauberschmiede"
2339,"Verschollener Stahlstachel"
2340,"Verschollenes Verbannga"
2341,"Verschollene Courage"
2342,"Auto-Heiltrank"
2343,"Auto-Äther"
2344,"Auto-Remedium"
2345,"Verschollene Mana-Wand"
2346,"Verschollene Machtfontäne"
2347,"Erhöhte Verwundbarkeit"
2348,"Verschollenes Wissen"
2349,"Wundertrank des Siegers"
2350,"Hastiludia"
2351,"Hastiludia"
2352,"Gemüt der Standhaftigkeit"
2353,"Gemüt der Selbstlosigkeit"
2354,"Gemüt der Vehemenz"
2355,"Rückkehr aus dem Jenseits"
2356,"Verschollener Hohn"
2357,"Vollständige Analyse"
2358,"Hilfsgesuch"
2359,"Hilfsgesuch: Vigil, Feuerkraft hoch zehn"
2360,"Hilfsgesuch: Peeriefool, das faule Gemüse"
2361,"Hilfsgesuch: Der Rote Meteor und seine Meute"
2362,"Hilfsgesuch: Spartoi der Gefürchtete"
2363,"Hilfsgesuch: Im Schatten von Modell X"
2364,"Hilfsgesuch: Dáinsleif, Bestie aus Eisen"
2365,"Kampfgeist"
2366,""
2367,"Stockfinster"
2368,"Feuer der Schlacht"
2369,"Physische Schwachstelle"
2370,"Magische Schwachstelle"
2371,"Blitzresistenz -"
2372,"Absolutes Protes"
2373,"Todessiegel"
2374,"EP-Regeneration unwirksam"
2375,"Bombenhitze"
2376,"Fünffachzauber"
2377,"Magieklinge"
2378,"Hast +"
2379,"Spezialangriff"
2380,"Feuer der Schlacht"
2381,"Geistlenkung vorwärts"
2382,"Geistlenkung rückwärts"
2383,"Geistlenkung links"
2384,"Geistlenkung rechts"
2385,"Elektrisierte Kondensation"
2386,"Stygische Ranke"
2387,"Partikelfluch"
2388,"Nausea"
2389,"Blutung"
2390,"Schweben"
2391,"Gewicht"
2392,"Donnerkugel"
2393,""
2394,"Schaden +"
2395,"Verringerte Verwundbarkeit"
2396,"Limitrausch-Blockade"
2397,""
2398,"Unheilbar"
2399,"Blutung"
2400,"孤独感"
2401,"Brandwunde"
2402,"Ausweich-Bonus"
2403,"Ausweich-Malus"
2404,"Schaden -"
2405,"Keine Kontrolle"
2406,"Schockstachel"
2407,"Granitgefängnis"
2408,"Am Boden"
2409,"Vernichtungsprogramm A"
2410,"Vernichtungsprogramm B"
2411,"Vernichtungsprogramm C"
2412,"Deckung"
2413,"Gedeckt"
2414,""
2415,"Fester Job"
2416,"Unzähmbares Licht"
2417,""
2418,"Akribie"
2419,"Diener des Schattens"
2420,"Diener des Schattens"
2421,"Diener des Schattens"
2422,"Diener des Schattens"
2423,"Beschattet"
2424,"Kettenbruch"
2425,"Schattenfesseln"
2426,""
2427,""
2428,""
2429,""
2430,"Fluch des Irrlaufs: Zurückschleudern"
2431,"Fluch des Irrlaufs: Heranziehen"
2432,"Blutung"
2433,"Schaden +"
2434,"Trank des Draufgängers"
2435,"Trank des Weisen"
2436,"Trank des Fechtmeisters"
2437,"Trank des Bogengeweihten"
2438,"Trank des Helden"
2439,"Trank des Heiligen"
2440,"Verschollener Flare-Stern"
2441,"Verschollener Panzerbruch"
2442,"Verschollenes Zerlegen"
2443,"Verschollener Ätherschild"
2444,"Verschollener Rapidus"
2445,"Schwerthaltung"
2446,"Schildhaltung"
2447,"Materieinversion"
2448,"Gesammelte Kraft"
2449,"Wiederbelebungsbegrenzung"
2450,"Nachahmung"
2451,"Brandmal"
2452,"Rückführung"
2453,"Giga-Rückführung"
2454,"Verzögerung: Unheiliges Dunkel"
2455,"Verzögerung: Dunkel-Feuga"
2456,"Verzögerung: Schattenauge"
2457,""
2458,""
2459,""
2460,"Verzögerung: Dunkle Eruption"
2461,"Verzögerung: Dunkel-Aquaga"
2462,"Verzögerung: Dunkel-Eisga"
2463,"Verzögerung: Dunkel-Windga"
2464,"Verzögerung: Rückführung"
2465,"Eisresistenz - (stark)"
2466,"Bevorrater"
2467,"Segen der Löwin"
2468,"Kopplung: Shiva"
2469,"Kopplung: Titan"
2470,"Kopplung: Loghrif"
2471,"Über den Wolken"
2472,"Über den Wolken"
2473,"Ätherschwund"
2474,"Edikt der Bewegung: 2 Felder"
2475,"Edikt der Bewegung: 3 Felder"
2476,"Edikt der Bewegung: 4 Felder"
2477,"Edikt der Bewegung: 2 Felder"
2478,"Edikt der Bewegung: 3 Felder"
2479,"Edikt der Bewegung: 4 Felder"
2480,"Ausführung des Edikts: 2 Felder"
2481,"Ausführung des Edikts: 3 Felder"
2482,"Ausführung des Edikts: 4 Felder"
2483,"Zeichen des Untergangs II"
2484,"Bußprediger"
2485,"Zeichen des Untergangs II"
2486,"Eingesaugt"
2487,"Brandmal der Sterblichen"
2488,"Phantomklinge"
2489,"Haltung des Dolches"
2490,"Haltung der Edelklinge"
2491,"Haltung der Feuerfaust"
2492,"Kribbeln"
2493,"Eisiger Nebel"
2494,"Weißer Tod"
2495,"Engelspeise"
2496,"Barriere"
2497,"Göttlicher Katarakt"
2498,"Kampfinstinkt"
2499,"Senfbombe"
2500,"Drachenkraft"
2501,"Auf wackeligen Beinen"
2502,"Phantomhast"
2503,"Magische Barriere"
2504,"Wicht"
2505,"Grasgrummel"
2506,"Verringerte Verwundbarkeit"
2507,"Schaden +"
2508,"Hiebresistenz -"
2509,"Rote Schale"
2510,"Blaue Schale"
2511,"Grüne Schale"
2512,"Weiße Schale"
2513,"Freie Form"
2514,"Sechsstern-Tritt"
2515,""
2516,"Verhängnis"
2517,"Auferweckung"
2518,"Fessel"
2519,"Verhängnis"
2520,"Gebrechlichkeit"
2521,"LP-Malus"
2522,"Schaden -"
2523,"Eingeschränktes Handeln"
2524,"Segen der alten Königin"
2525,""
2526,""
2527,"Brandmal der Sterblichen"
2528,"Eisstachel"
2529,"Eingesaugt"
2530,"Zeichen des Untergangs III"
2531,"Verzögerung: Quietus"
2532,"Dunkler Atem"
2533,"Zeichen des Untergangs III"
2534,"Zeichen des Untergangs II"
2535,"Kontaminierung"
2536,""
2537,"Upgrade: Lanze"
2538,"Upgrade: Schild"
2539,"Upgrade: Lanze & Schild"
2540,"Kühlung"
2541,"不浄の侵食"
2542,"不浄の恐怖"
2543,"Verweichlicht"
2544,""
2545,"Schlachtbefehl"
2546,""
2547,"Flammenaxt"
2548,"Ver<->wand<->lung"
2549,"Spezialmunition"
2550,"Schaden +"
2551,"Gewicht"
2552,""
2553,"Ishin Denshin"
2554,"Luna-Defensivhaltung"
2555,"Schadenswert +"
2556,"Magieschaden +"
2557,"Runenwaffe: Blitz"
2558,"Verschollener Schub"
2559,"Verschollener Amok"
2560,"Verschollene Zauberkette"
2561,"Verschollenes Protes II"
2562,"Verschollenes Vallum II"
2563,"Verschollene Blase"
2564,"Verschollene Exzellenz"
2565,"Heldenhaftigkeit"
2566,"Verschollener Blutzorn"
2567,"Erwachtes Blut"
2568,"Möwensturm"
2569,"Delphinhatz"
2570,"Aurora-Flipper"
2571,"Schicksalskarten"
2572,"Thaliaks Schriftrolle"
2573,"Unterbrechung"
2574,"Blitzmagnet"
2575,"Rechter Arm verstärkt"
2576,"Linker Arm verstärkt"
2577,"In FATE"
2578,"Teleporter überlastet"
2579,"Verkleidet"
2580,"Hilfsgesuch: Schwarzbrands Testflug"
2581,"Hilfsgesuch: Der Geistertrupp"
2582,"Hilfsgesuch: Eiswolf Hrodvitnir"
2583,"Hilfsgesuch: Halb Pferd, halb Garlear"
2584,"Hilfsgesuch: Alkonost, schön und gefiedert"
2585,"Hilfsgesuch: Hashmallim der Einiger"
2586,"Architekt des Todes"
2587,"Nichtssense"
2588,"Richten"
2589,"Hängen"
2590,"Nichtsmahd"
2591,"Kreuzmahd"
2592,"Totenopfer"
2593,"Lemure"
2594,"Seelensaat"
2595,"Rückkehr möglich"
2596,"Schutzwappen"
2597,"Schutzwappen"
2598,"Vitalisierendes Wappen"
2599,"Arkaner Kreis"
2600,"Kreis des Blutes"
2601,"Kreis des Opfers"
2602,"Eis-Aufladung"
2603,"Unvorsichtig"
2604,"Kardia"
2605,"Kardion"
2606,"Eukrasie"
2607,"Eukratische Diagnose"
2608,"Exakte Eukratische Diagnose"
2609,"Eukratische Prognose"
2610,"Soteria"
2611,"Zoe"
2612,"Haima"
2613,"Panhaima"
2614,"Eukratische Dosis"
2615,"Eukratische Dosis II"
2616,"Eukratische Dosis III"
2617,"Physis"
2618,"Kerachole"
2619,"Taurochole"
2620,"Physis II"
2621,"Autophysis"
2622,"Krasis"
2623,"Pneuma"
2624,"Brachiale Gewalt"
2625,"Eisenschild-Orden"
2626,"Blutrausch-Orden"
2627,"Lebensretter-Orden"
2628,"Leichte Panzerung"
2629,""
2630,""
2631,"Tödliches Duell"
2632,"Weißes Programm"
2633,"Schwarzes Programm"
2634,"Weiße Firewall"
2635,"Schwarze Firewall"
2636,"Schmerz"
2637,"Geweihte Erde"
2638,"Geweihte Erde"
2639,"Schrein des Stillstands"
2640,"Schrein des Stillstands"
2641,"Schrein des Stillstands"
2642,"Haimatinon"
2643,"Panhaimatinon"
2644,"Blinde Stelle: Vorderseite"
2645,"Markierung"
2646,"Stromschlag"
2647,"Schwarzes Drachenblut"
2648,"Wiederkunft"
2649,"Maximal bestialisch"
2650,"Leveilleur-Dosis III"
2651,"Manusya-Tollwut"
2652,"Manusya-Konfus"
2653,"Manusya-Stopp"
2654,"Dug?"
2655,"Dug?"
2656,"Betäubung"
2657,"Beschleunigungsbombe"
2658,"Tiefkühlung"
2659,""
2660,"Schützende Lichtschwingen"
2661,"Mal des Himmels"
2662,"Dimensionsfalle"
2663,"Urgewalt"
2664,"Schlagende Lichtschwingen"
2665,"Mit Leib und Seele"
2666,"Bessere Chancen"
2667,"Bessere Boni"
2668,"Intuitiver Fokus"
2669,"Klymenos"
2670,"Das Jenseits muss warten"
2671,"Frosch"
2672,"Atemnot"
2673,"Göttliche Gunst"
2674,"Heiliges Schiltron"
2675,"Trutz des Ritters"
2676,"Schutz des Ritters"
2677,"Tosender Sturm"
2678,"Urimpuls"
2679,"Blutgeruch"
2680,"Jagdtrieb"
2681,"Äquilibrium"
2682,"Opfergabe"
2683,"Herz des Korunds"
2684,"Klarheit des Korunds"
2685,"Katharsis des Korunds"
2686,"Knallender Stoß"
2687,"Stürmendes Enigma"
2688,"Überhitzung"
2689,"Meisui"
2690,"Raiju"
2691,"Raiju-Tanz"
2692,"Stoßpfeilbereit"
2693,"Synchroner Wurf"
2694,"Asynchroner Wurf"
2695,"Tanzimprovisation (Heilung)"
2696,"Tanzekstase"
2697,"Improvisiertes Finale"
2698,"Tillana"
2699,"Fächertanz IV"
2700,"Sternenfalltanz"
2701,"Rand des Ruins"
2702,"Schimmerschild"
2703,"Gleißender Schein"
2704,"Wiederaufleben"
2705,"Immerflamme"
2706,"Wirbelströmung"
2707,"Magiebarriere"
2708,"Wasserschleier"
2709,"Glockenspiel"
2710,"Protraktion"
2711,"Drang"
2712,"Sturm"
2713,"Mischbereit"
2714,"Zeichen der Seele"
2715,"Zeichen des Soma"
2716,"Zeichen des Geistes"
2717,"Exaltation"
2718,"Makrokosmos"
2719,"Chaotischer Sturm"
2720,"Drachenklaue"
2721,"Klinge der Tapferkeit"
2722,"Luminöses Finale"
2723,"Kamaitachi-bereit"
2724,"Ifrits Gunst"
2725,"Garudas Gunst"
2726,"Schlimmer Schmerz"
2727,"Ver<->wand<->lung"
2728,""
2729,"Flüchtige Gestalt"
2730,"Endwalker"
2731,"Ätherschwindel"
2732,"Quadrupel"
2733,"Furcht"
2734,"Starke Kraft des Transzendierens"
2735,"Gift"
2736,"Magitek-Kampfmaschine"
2737,"Bewusstseinsschwäche"
2738,"Im Sterben"
2739,"Zehrendes Eis"
2740,"Zehrendes Feuer"
2741,"Aspektierende Ketten"
2742,"Bindender Fluch"
2743,"Treibender Fluch"
2744,"Bindende Ketten"
2745,"Treibene Ketten"
2746,"Drachenreiter"
2747,""
2748,"Essenz der Freund<->schaft"
2749,"Essenz der Tugend"
2750,"Seelensaat"
2751,"Manipuliertes Feuer"
2752,"Manipuliertes Eis"
2753,"Manipulierter Blitz"
2754,"Manipuliertes Gift"
2755,"Ziel von Hochsprung des Dunkels"
2756,"Ziel von Wirbelsprenger des Dunkels"
2757,"Ziel von Ausweichsprung des Dunkels"
2758,"Flammende Rache"
2759,"Verwobene Flammen"
2760,"Körpertausch"
2761,"Schwarze Lohe"
2762,"Eid des Abschieds"
2763,"Fluch des Lächelns"
2764,"Fluch des Zornes"
2765,"Triumph des Wissens bereit"
2766,""
2767,"Mal der Beute"
2768,"Mal des Stroms"
2769,"Mal der Wucht"
2770,"Mal des Abwärtsstroms"
2771,"Mal des Aufwärtsstroms"
2772,"Mal des linken Stroms"
2773,"Mal des rechten Stroms"
2774,"Wassersucht"
2775,"Nidhoggs Klaue"
2776,"Nidhoggs Fang"
2777,"Nidhoggs Stigmata"
2778,"Fischversessen"
2779,"Fischfinesse"
2780,"Fetter Fang"
2781,"Überwinden der Grenzen"
2782,""
2783,"Breitseite"
2784,"Atemtechnik"
2785,""
2786,"Glanz des Dynamis"
2787,"Pluton"
2788,"Eubuleus"
2789,"Vollkommene Courage"
2790,"Vollkommener Schritt"
2791,"Vollkommener Segen"
2792,"Vollkommenes Resedra"
2793,"Vollkommene Steinhaut"
2794,"Vollkommene Unbesiegbarkeit"
2795,"Kreis der Leichtheit"
2796,"Vollkommener Sentinel"
2797,"Vollkommener Schutzwall"
2798,"Vollkommene Reflexion"
2799,"Ätherlabung"
2800,"Faulende Chlamys"
2801,"Resistenz -"
2802,"Dreifäulenoper"
2803,"Zwischenakt"
2804,"Ätherdorn"
2805,"Glückskarotte"
2806,"Knobelkarotte"
2807,"Duselmöhre"
2808,"Kraftkarotte"
2809,"Magieschaden +"
2810,"Tanzgesang"
2811,"反転プログラム"
2812,""
2813,""
2814,""
2815,""
2816,""
2817,"Festteilnehmer"
2818,"Erd-Orientierung"
2819,"Blitz-Orientierung"
2820,"Wind-Orientierung"
2821,"Ediktbruch"
2822,"Widerspenstig"
2823,""
2824,"Entkräftung"
2825,"Außer Betrieb"
2826,"Giftodem"
2827,"Kosmischer Bannkreis"
2828,"Gebet der Morgenröte"
2829,"Letzte Wacht"
2830,"Letzte Wacht"
2831,"Halones Schild"
2832,"Bann der Dunkelheit"
2833,"Donnerschwinge"
2834,"Neurolink"
2835,"Wende: Vorne"
2836,"Wende: Hinten"
2837,"Wende: Links"
2838,"Wende: Rechts"
2839,"Suiton"
2840,"Prinzessinnenlaune: rechts"
2841,"Prinzessinnenlaune: links"
2842,"Prinzessinnenlaune: hinten"
2843,"Schild-Eid"
2844,"Magiewall"
2845,"Schnelle Harpe"
2846,"Geflüsterte Anrufung"
2847,"Erinnerte Anrufung"
2848,"Gespiegelte Anrufung"
2849,""
2850,""
2851,"In Ereignis"
2852,"Heilung -"
2853,"Titans Gunst"
2854,"Nichtssense"
2855,"Richten"
2856,"Hängen"
2857,"Nichtsmahd"
2858,"Kreuzmahd"
2859,"Schnelle Harpe"
2860,"Rückkehr möglich"
2861,"Schutzwappen"
2862,"Vitalisierendes Wappen"
2863,"Lemure"
2864,"Eukratische Dosis III"
2865,"Eukratische Diagnose"
2866,"Eukratische Prognose"
2867,"Eukrasie"
2868,"Pneuma"
2869,"Haima"
2870,"Haimatinon"
2871,"Kardia"
2872,"Kardion"
2873,"Limitrausch"
2874,"Aspektierende Ketten"
2875,"Aspektierende Ketten"
2876,"Mantel des Heros"
2877,"Mantel des Magos"
2878,"Mantel der Mousa"
2879,"Adamas Schleier"
2880,"Gift"
2881,""
2882,"被物理ダメージ増加"
2883,"スロウ"
2884,"ＨＰ自然回復無効"
2885,"Bindender Fluch"
2886,"Bindender Fluch"
2887,"Bindender Fluch"
2888,"Treibender Fluch"
2889,"Treibender Fluch"
2890,"Treibender Fluch"
2891,"Speergespür"
2892,""
2893,"Mutation"
2894,""
2895,"Schwur des Friedens"
2896,"Schwur der Vergeltung"
2897,"Versiegte Vergeltung"
2898,"Nagende Hitze"
2899,"Allmähliche Kühlung"
2900,"Schrittweiser Dunkelschaden"
2901,"Schrittweiser Lichtschaden"
2902,"Feuerresistenz - (stark)"
2903,"Eisresistenz - (stark)"
2904,"Chronistin der Zeit"
2905,"Inversionsmodus"
2906,"●偽神獣の猛毒"
2907,"Fluchwall Tizonas"
2908,"Fluchwall Tizonas"
2909,"Impuls der Dunkelheit"
2910,"Am Boden"
2911,"Schaden -"
2912,"Erhöhte Verwundbarkeit"
2913,"Fleischwunde"
2914,"Stichwunde"
2915,"Prellung"
2916,"Brandwunde"
2917,"Erfrierung"
2918,"Beißender Wind"
2919,"Schlamm"
2920,"Stromschlag"
2921,"Wassersucht"
2922,"Blutung"
2923,"Bindender Fluch"
2924,"Treibender Fluch"
2925,"Fluch des Schmerzes"
2926,"Fluch des Lebens"
2927,"Fluch des Schutzes"
2928,"Quell des Feuers"
2929,"Kleiner Quell des Feuers"
2930,""
2931,""
2932,"Stadtsprint-Bonus"
2933,"In Ereignis"
2934,"●強制稼働"
2935,"Schaden über Zeit"
2936,"Plötzliche Panik"
2937,"Feuerresistenz - (stark)"
2938,"Kerakeia"
2939,"Markiert"
2940,"Erhöhte physische Verwundbarkeit"
2941,"Erhöhte Magie-Verwundbarkeit"
2942,"Fleischwunde"
2943,"Stichwunde"
2944,"Prellung"
2945,"Brandwunde"
2946,"Erfrierung"
2947,"Beißender Wind"
2948,"Schlamm"
2949,"Stromschlag"
2950,"Wassersucht"
2951,"Blutung"
2952,"Vollkommenes Finale"
2953,"Betäubung"
2954,"Unerschütterlicher Wille"
2955,"Eiserner Lebenswille"
2956,"精霊の加護"
2957,"Leisetreter"
2958,"Prinzessinnenlaune: vorne"
2959,"Ogi Namikiri"
2960,"Flare +"
2961,"Am Boden"
2962,"Singende Giftschlange"
2963,"Tanzender Windwolf"
2964,"Luminöses Finale"
2965,"Todeshauch"
2966,"Einsamkeit"
2967,"Schaden über Zeit"
2968,"Kraniotomie"
2969,"Wissen der Weisen"
2970,""
2971,"LP-Malus"
2972,"Opfergeist"
2973,"Spinnend"
2974,"Taumel"
2975,"Gefesselt"
2976,"Verhängnis"
2977,"Heilung -"
2978,"Heilung -"
2979,""
2980,""
2981,""
2982,""
2983,"Schlaf"
2984,""
2985,""
2986,""
2987,""
2988,""
2989,"Giftstrom der Ver<->zweif<->lung"
2990,"Brackwasserbombe der Ver<->zweif<->lung"
2991,"Endloses Bombardement der Ver<->zweif<->lung"
2992,"Philanthropie der Ver<->zweif<->lung"
2993,"Griff der Ver<->zweif<->lung"
2994,"Bomberseele"
2995,"Schwarze Chocobo-Feder"
2996,"Supersprint"
2997,"Supersprint"
2998,"Blitzresistenz - (stark)"
2999,"In Ereignis"
3000,"Giftlache"
3001,"Rechtschaffene Faust"
3002,"Schattenbissbereit"
3003,"Holos"
3004,"Erstes Ziel"
3005,"Zweites Ziel"
3006,"Drittes Ziel"
3007,"Stein"
3008,"Todestreue"
3009,"Macht der Garuda"
3010,"Macht des Titan"
3011,"Macht des Ifrit"
3012,"Sturmwall"
3013,"Gebet des Lichts"
3014,"Gnade des Lichts"
3015,"Wiegen der Seele"
3016,""
3017,"Synchrone Trance"
3018,"Asynchrone Trance"
3019,"Confiteor"
3020,"魂の総和"
3021,"Wehrlos"
3022,"Schlaftrunken"
3023,"Panik"
3024,"Versuchung"
3025,"Heiliges Recht"
3026,"Heiliges Schiltron"
3027,"●ホーリー・シェルトロン：追撃"
3028,"Confiteor"
3029,"Sturmlauf"
3030,"Urimpuls"
3031,"Jagdtrieb"
3032,"●プライマルレンド実行可"
3033,"Schwarzes Blut"
3034,"Dunkle Künste"
3035,"●プランジカット"
3036,"Salzige Erde"
3037,"Salzige Erde"
3038,"Salziges Elend"
3039,"Untote Erlösung"
3040,"●ブラッドウェポン"
3041,"Knallender Stoß"
3042,"Ohne Gnade"
3043,"Erda-Patrone"
3044,"Blut-Erda: Verteidiger"
3045,"Blut-Erda: Angreifer"
3046,"Blut-Erda: Heiler"
3047,"Überschall"
3048,"Kehlreißer"
3049,"Bauchschlitzer"
3050,"Augenstecher"
3051,"Nebula"
3052,"Multi"
3053,"Multipel"
3054,"Wehr"
3055,"Kontaktverbot"
3056,"Kontakt-Order"
3057,"Fluchtverbot"
3058,"Fluchtbeobachtung"
3059,"Fleischwunde"
3060,"Fleischwunde"
3061,"Stichwunde"
3062,"Stichwunde"
3063,"Prellung"
3064,"Prellung"
3065,"Brandwunde"
3066,"Brandwunde"
3067,"Erfrierung"
3068,"Erfrierung"
3069,"Beißender Wind"
3070,"Beißender Wind"
3071,"Schlamm"
3072,"Schlamm"
3073,"Stromschlag"
3074,"Stromschlag"
3075,"Wassersucht"
3076,"Wassersucht"
3077,"Blutung"
3078,"Blutung"
3079,"Grollendes Doton"
3080,"Rhythmus-Fieber"
3081,"Giftlache"
3082,"Giftlache"
3083,"Vitaga bereit"
3084,"●女神の加護"
3085,"Wunder der Natur"
3086,"Wasserschleier"
3087,"Dynamisieren"
3088,"Katalyse"
3089,"Causae et Curae"
3090,"Causae"
3091,"Mumifizierung"
3092,"Sturm"
3093,"Drang"
3094,"Raffinesse"
3095,"Seraph-Beschwörung"
3096,"Flug der Seraphim"
3097,"Schleier der Seraphim"
3098,"Seelentrost"
3099,"Harmonischer Orbis (Diurnal)"
3100,"Harmonischer Orbis (Nocturnal)"
3101,"Gezogen: Waage"
3102,"Gezogen: Krug"
3103,"Gezogen: Turm"
3104,"Makrokosmos"
3105,"Säule der Herrlichkeit"
3106,"Schein der Herrlichkeit"
3107,"Eukrasie"
3108,"Eukratische Dosis III"
3109,"Eukratische Diagnose"
3110,"Haima"
3111,"Haimatinon"
3112,"●ゾーエ"
3113,"Toxikon"
3114,"●トキシコンII"
3115,"Komplexion"
3116,"カルディア"
3117,"カルディア[被]"
3118,"Mesotes"
3119,"Mesotes"
3120,"Lypros"
3121,"Piep Piep Piep"
3122,"Erosion der Dunkelheit"
3123,"Gnade des Lichts"
3124,"Verteidiger"
3125,"Supersprint"
3126,"第一の事象記録"
3127,"第二の事象記録"
3128,"第三の事象記録"
3129,"Schaden +"
3130,"Hiebresistenz -"
3131,"Stichresistenz -"
3132,"Schlagresistenz -"
3133,"Verbrennung"
3134,"Fessel"
3135,"Lichtresistenz -"
3136,"Dunkelresistenz -"
3137,"Virtuose"
3138,"Frontenmarsch"
3139,"Frontenmarsch"
3140,"Forte der Front"
3141,"Forte der Front"
3142,"Stoßpfeilbereit"
3143,"Päan des Hüters"
3144,"Fantasie des Helden"
3145,"Heroische Fantasie"
3146,"英雄のファンタジア［戦］"
3147,"英雄のファンタジア［魔］"
3148,"Hitze"
3149,"Überhitzung"
3150,"Scharfer Bohrer"
3151,"Scharfer Bioblaster"
3152,"Scharfer Luftanker"
3153,"Scharfe Kreissäge"
3154,"Kreissäge"
3155,"LÄUFER aktiv"
3156,"Äthermörser"
3157,"Mörserbeschuss"
3158,"Analyse"
3159,"Klingenfänger"
3160,"Hitziger Schwerttanz"
3161,"Sternenfalltanz"
3162,"Klingentanz"
3163,"Beifall"
3164,"Scharfer Applaus"
3165,"Am Boden"
3166,"Schaden -"
3167,"Gewicht"
3168,"Sechsstern-Tritt"
3169,"Polyglott"
3170,"Wesen des Feuers"
3171,"Wesen der Erde"
3172,"Wunder Punkt"
3173,"Donnersprung"
3174,"Meteorschub"
3175,"メテオドライヴ"
3176,"Himmelsstoß"
3177,"Drachengeist"
3178,"Wyrmauge"
3179,"Entsetzliches Brüllen"
3180,"Himmelhoch"
3181,"Himmelsbrecher"
3182,"●ぶんどる：自身"
3183,"Ausrauben"
3184,"Goka Mekkyaku"
3185,"Kampfrausch"
3186,"Huton"
3187,"Doton"
3188,"Schild-Eid"
3189,"Meisui"
3190,"星遁天誅"
3191,"Totenbund"
3192,"Seiton Tenchu"
3193,"Versiegeltes Goka Mekkyaku"
3194,"Versiegeltes Hyosho Ranryu"
3195,"Versiegeltes Raiju"
3196,"Versiegeltes Huton"
3197,"Versiegeltes Doton"
3198,"Versiegeltes Meisui"
3199,"Ogi Namikiri"
3200,"Kaeshi Namikiri"
3201,"Hissatsu: Kaiten"
3202,"Kuzushi"
3203,"Tendo Setsugekka"
3204,"Totenopfer"
3205,"Große Mahd"
3206,"Richtbefehl"
3207,"Höllischer Auftritt"
3208,"Ewige Chronik"
3209,"Ausweichsprung"
3210,"Phalanx"
3211,"Raiju-Tanz"
3212,"Lichtfeuer"
3213,"Lichtfeuer II"
3214,"Schatteneis"
3215,"Schatteneis II"
3216,"Schwelendes Licht"
3217,"Eisige Schatten"
3218,"Brandwunde"
3219,"Tiefkühlung"
3220,"Apokatastasis"
3221,"Schub"
3222,"Seelenresonanz"
3223,"Paradoxie"
3224,"Schimmerschild"
3225,"Wirbelströmung"
3226,"Wirbelströmung"
3227,"Im Wirbel"
3228,"Bahamut-Trance"
3229,"Phönix-Trance"
3230,"Schwingen der Unsterblichkeit"
3231,"Scharlachflamme"
3232,"Offenbarung"
3233,"Scharlachrotes Gleißen"
3234,"Magische Riposte"
3235,"Magischer Zwerchhau"
3236,"Magisches Redoublement"
3237,"Magische Riposte"
3238,"Magischer Zwerchhau"
3239,"Magisches Redoublement"
3240,"Magiebarriere"
3241,"Fix und fertig"
3242,"Duell"
3243,"Körperparade"
3244,"●デプラスマン実行可"
3245,"Weiße Gabe"
3246,"Schwarze Gabe"
3247,"●ポーション"
3248,"Resilienz"
3249,"Granitgefängnis"
3250,"Klinge der Frömmigkeit"
3251,""
3252,"Nald'thals Waage: Der Tod"
3253,"Nald'thals Waage: Das Leben"
3254,"Trickattacke"
3255,"Untote Auferstehung"
3256,"Orogenese"
3257,"Tollwut"
3258,"Lanzenschärfung"
3259,"Vitalwallung"
3260,"Schaden +"
3261,"Starkes Gift"
3262,"Hochschleudern"
3263,"Krallen des heiligen Drachen"
3264,"Reißzähne des heiligen Drachen"
3265,"Drachenherz"
3266,"Brandwunde"
3267,"Brandwunde"
3268,"Erstes Kryptogramm"
3269,"Zweites Kryptogramm"
3270,"Drittes Kryptogramm"
3271,"Viertes Kryptogramm"
3272,"Erste Kryptoflamme"
3273,"Zweite Kryptoflamme"
3274,"Dritte Kryptoflamme"
3275,"Vierte Kryptoflamme"
3276,"Kryptisches Portal"
3277,"Zwangsteleport"
3278,"Versiegelter Teleport"
3279,"Versiegelter Teleport"
3280,"Fauliger Segen"
3281,"Seelenwächter"
3282,"Fluch der Fäulnis"
3283,"Gefesselt"
3284,"Fesselnde Strähnen"
3285,"Achtsamkeit"
3286,"Überfroren"
3287,"Tiefkühlung"
3288,"Schaden über Zeit"
3289,"Luntenfeld"
3290,"Fluch des Äons"
3291,"Fluch der Ewigkeit"
3292,"Verderb des Äons"
3293,"Äonenlanger Hass"
3294,"Fluches Fessel"
3295,"Goldener Fluch"
3296,"Silberner Fluch"
3297,"Spritziger Schaum"
3298,"Kalter Schaum"
3299,"Prickelnder Schaum"
3300,"Resedra der Morgenröte"
3301,"Exzellenz"
3302,"Seelenwächter"
3303,"Himmelsschutz"
3304,"Schaden -"
3305,"Spritziger Schaum"
3306,"Kalter Schaum"
3307,"Prickelnder Schaum"
3308,"Zeichen des Windes"
3309,"Zeichen der Heiligkeit"
3310,"Doppeltes Zeichen des Windes"
3311,"Doppeltes Zeichen der Heiligkeit"
3312,"Überlast"
3313,"Ätherwechsel"
3314,"Glossomorph"
3315,"Chelomorph"
3316,"Kontrollverlust"
3317,"Zellulärer Verfall"
3318,"Zwangshandlung"
3319,"Glossaler Widerstand -"
3320,"Chelischer Widerstand -"
3321,"Explozelle"
3322,"Glossomorph"
3323,"Dunkelresistenz - (stark)"
3324,"Fesselung"
3325,"Magische Einnistung"
3326,"Gorgons Fluch: Schlangengift"
3327,"Gorgons Fluch: Übelgift"
3328,"Fluch der Fluten: Springtide"
3329,"Fluch der Fluten: Nipptide"
3330,"Unvollständiges Konzept α"
3331,"Unvollständiges Konzept β"
3332,"Unvollständiges Konzept γ"
3333,"Vollständiges Konzept α"
3334,"Vollständiges Konzept β"
3335,"Vollständiges Konzept γ"
3336,"Konzeptablehnung"
3337,"Konzeptumsetzung: Flugwesen"
3338,"Konzeptumsetzung: Wasserorganismus"
3339,"Konzeptumsetzung: Gewitterwesen"
3340,"Konzeptumsetzung: Flammengeist"
3341,"Konzeptumsetzung: Gifttier"
3342,"Konzeptumsetzung: Pflanzenwesen"
3343,"Konzeptfragment: Phoinix"
3344,"Konzeptumsetzung: Phoinix"
3345,"Einfache Konzeptreflexion"
3346,"Multiple Konzeptreflexion"
3347,"Komplexe Konzeptreflexion"
3348,"Anvisiert"
3349,"Magische Umkehr"
3350,"Außerkörperlichkeit"
3351,"Gorgons Fluch: Steinauge"
3352,"Gorgons Fluch: Steinlicht"
3353,""
3354,""
3355,""
3356,""
3357,""
3358,"Erhöhte Feindseligkeit"
3359,"Schaden über Zeit"
3360,"Verringerte Verwundbarkeit"
3361,"Erhöhte Verwundbarkeit"
3362,"Keine Kontrolle"
3363,"Versuchung"
3364,"Verhängnis"
3365,"Holos (Barriere)"
3366,"Erhöhte Verwundbarkeit"
3367,"Rehabilitation"
3368,"Angepasstes Miasma"
3369,""
3370,""
3371,""
3372,"Erdresistenz - (stark)"
3373,""
3374,""
3375,""
3376,""
3377,""
3378,""
3379,""
3380,"Wiederbelebungsbegrenzung"
3381,"Lichtfeuer III"
3382,"Schatteneis III"
3383,"Schicksal des Siegers"
3384,"Schicksal des Siegers"
3385,"Schicksal der Liebenden"
3386,"Schicksal der umgekehrten Liebenden"
3387,"Schicksal des Eifers"
3388,"Schicksal des umgekehrten Eifers"
3389,"Göttliche Geschwisterbande"
3390,"Gift"
3391,"Doppeltes Zeichen des Windes"
3392,"Doppeltes Zeichen des Windes"
3393,"Doppeltes Zeichen des Windes"
3394,"Doppeltes Zeichen der Heiligkeit"
3395,"Doppeltes Zeichen der Heiligkeit"
3396,"Doppeltes Zeichen der Heiligkeit"
3397,"Doppeltes Zeichen des Windes"
3398,"Doppeltes Zeichen der Heiligkeit"
3399,"Gift"
3400,"Glossomorph"
3401,"LP-Malus"
3402,"Pfeil"
3403,"Gezogen: Eiche"
3404,"Gezogen: Pfeil"
3405,"Schutzbarriere"
3406,"Macht des Phoinix"
3407,"Giftpollen"
3408,"Betäubung"
3409,""
3410,"Elementarer Bias: Feuer"
3411,"Elementarer Bias: Eis"
3412,"Rituelle Anpassung (empfangen)"
3413,"Courage der Morgenröte"
3414,"Erhöhte Magie-Verwundbarkeit"
3415,"Erhöhte physische Verwundbarkeit"
3416,"Positive Ladung"
3417,"Negative Ladung"
3418,"Positive Ladung"
3419,"Negative Ladung"
3420,"Baro-Feld"
3421,"Gefesselt"
3422,"Steinhaut"
3423,"Tanz der Chevaliers"
3424,"Lenkrakete P"
3425,"Wellengeschütz „Pfeil”"
3426,"Wellengeschütz „Pfeil +”"
3427,"Glitch: Mittel"
3428,"Glitch: Fern"
3429,"Kritischer Bug: Leistung"
3430,"Bug-Korrektur: Synchronisierung"
3431,"Bug-Korrektur: Überlauf"
3432,"Bug-Korrektur: Unterlauf"
3433,"Bug-Korrektur: Leistung"
3434,"Latenter Bug: Synchronisierung"
3435,"Latenter Bug: Leistung"
3436,"Softwarezerfall: Synchronisierung"
3437,"Softwarezerfall: Überlauf"
3438,"Softwarezerfall: Unterlauf"
3439,"Softwarezerfall: Leistung"
3440,"Softwarezerfall: Nah"
3441,"Softwarezerfall: Fern"
3442,"Hallo Welt: Nah"
3443,"Hallo Welt: Fern"
3444,"Dynamisspitze"
3445,""
3446,"Glanz des Dynamis +"
3447,"Ausführen: XXXXmiX"
3448,"Glanz des Dynamis"
3449,"Omega"
3450,"Grenzüberschreitung"
3451,"Viertes Ziel"
3452,"Fokussierte Wellenkanone"
3453,"Fokussierte Wellenkanone"
3454,"Omega-M"
3455,"Verflüssigt"
3456,"Programmschleife"
3457,"Fessel"
3458,"Ring frei"
3459,"Blaue Benediktion"
3460,"Gelbe Benediktion"
3461,"Gezwitscher"
3462,"Gift"
3463,"Paralyse"
3464,"Gemach"
3465,"Betäubung"
3466,"Schlaf"
3467,"Betört und Verlockt"
3468,"Frontale Blaster-Ladung"
3469,"Hintere Blaster-Ladung"
3470,"Linke Blaster-Ladung"
3471,"Rechte Blaster-Ladung"
3472,"Gewicht"
3473,"Gewicht"
3474,"Manderville-Sprint"
3475,"Des Büßers Fluch"
3476,"Des Büßers Kerker"
3477,"Des Büßers Fluch"
3478,""
3479,"Tiefkühlung"
3480,"Tiefkühlung"
3481,"Tiefkühlung"
3482,""
3483,"Loderndes Mal"
3484,"Zehrendes Mal"
3485,"Flammenmal"
3486,"Flammendorn"
3487,"Flammendorn"
3488,"Erntemal"
3489,"Demiklone blockiert"
3490,"Schaden +"
3491,"Verringerte Verwundbarkeit"
3492,"Rehabilitation"
3493,"Gemachga"
3494,"Blind"
3495,"Lenkrakete P"
3496,"Lenkrakete P"
3497,"Lenkrakete P"
3498,""
3499,"Sicherungssystem M"
3500,"Sicherungssystem W"
3501,"Am Boden"
3502,"Eulette"
3503,"Softwarezerfall: Nah"
3504,"Softwarezerfall: Fern"
3505,"Fluch der Flammenkette"
3506,"Antiker Frost"
3507,"Hochleistungswellenkanone P"
3508,"Hochleistungswellenkanone P"
3509,"Hochleistungswellenkanone P"
3510,"Hochleistungswellenkanone P"
3511,"Steinauge der Lebenden"
3512,"Mondspore"
3513,"Schädel-Hirn-Trauma"
3514,""
3515,"Manderville-Sprint"
3516,"Erhöhte Magie-Verwundbarkeit"
3517,""
3518,"Wicht"
3519,"Tiefkühlung"
3520,"Viel Rauch um nichts"
3521,"Prellung"
3522,"Pyretisch"
3523,"Kühlung"
3524,"Kritischer Bug: Synchronisierung"
3525,"Kritischer Bug: Überlauf"
3526,"Kritischer Bug: Unterlauf"
3527,"Latenter Bug"
3528,"Latenter Bug: Unterlauf"
3529,"Regression: Nah"
3530,"Regression: Fern"
3531,""
3532,"Magische Zahl"
3533,""
3534,"Orbis Antiquus"
3535,"Fluch der Finsterflamme"
3536,"Erhöhte Magie-Verwundbarkeit"
3537,"Brandwunde"
3538,"Geistlenkung vorwärts"
3539,"Geistlenkung rückwärts"
3540,"Geistlenkung links"
3541,"Geistlenkung rechts"
3542,"Magierseele"
3543,"Kriegerseele"
3544,"Bestienseele"
3545,"Chimärenseele"
3546,"Himmelsmantel"
3547,"Seelenfang: Fessel"
3548,"Seelenfang: Gewicht"
3549,"Seelenfang: Handlungsunfähig"
3550,"Dæmonische Fessel"
3551,"Duodæmonische Fessel"
3552,"Gefesselt"
3553,"Siegel des Lichts: Einigkeit"
3554,"Siegel des Dunkels: Einigkeit"
3555,"Siegel des Lichts: Uneinigkeit"
3556,"Siegel des Dunkels: Uneinigkeit"
3557,"Erhöhte Verwundbarkeit"
3558,""
3559,"Brandsiegel der Uneinigkeit"
3560,"Ziel α"
3561,"Ziel β"
3562,"Systemfehler"
3563,"Nues Heulen: Auseinander"
3564,"Nues Heulen: Versammeln"
3565,"Flüchtige Macht: Unstetes Vita"
3566,"Flüchtige Macht: Unstetes Ultimatum"
3567,"Flüchtige Macht: Unstetes Wiederbeleben"
3568,"Flüchtige Macht: Unsteter Geistpfeil"
3569,"Flüchtige Macht: Unsteter Schutzwall"
3570,"Antlitz des Zorns"
3571,"Antlitz des Vergnügens"
3572,""
3573,"Flammen des Abendrots"
3574,"Schattenklinge"
3575,""
3576,"Ätherbalance: Dunkel"
3577,"Ätherbalance: Licht"
3578,"Siegel des Feuers"
3579,"Siegel des Dunkelglühens"
3580,"Siegel des Lichtglühens"
3581,"Siegel des Dunkelschlags"
3582,"Siegel des Lichtschlags"
3583,"Siegel des Kreuzes"
3584,"Siegel des Schrägkreuzes"
3585,"Seelenfessel"
3586,"Weltenerschaffung"
3587,"Schmerzende Kette"
3588,"Schattenfesseln"
3589,"Phlogiston"
3590,"Omen des pyrischen Pulses"
3591,"Omen der dynamischen Atmosphäre"
3592,"Omen des entropischen Exzesses"
3593,"Faktorausgleich"
3594,"Faktorisiertes Tabu"
3595,"Kräftigender Schluck"
3596,"Explosive Ver<->wand<->lung"
3597,"Fluch des Flughörnchens"
3598,"Fluch des Flughörnchens"
3599,"Fluch des Flughörnchens"
3600,"Fluch des Flughörnchens"
3601,"Fluch des Otters"
3602,"Fluch des Otters"
3603,"Fluch des Otters"
3604,"Fluch des Otters"
3605,"Verflucht: Flughörnchen"
3606,"Verflucht: Otter"
3607,"Zeichen des Feuers"
3608,"Zeichen der Flamme"
3609,"Im Visier"
3610,"Vergeltende Flamme"
3611,"Vergeltendes Feuer"
3612,"Wallendes Blut Stufe XXII"
3613,"Wallendes Blut Stufe I"
3614,"Auge des Schwertes"
3615,"Überlegene Aura"
3616,"Huton"
3617,"Pyrische Resistenz"
3618,"Schutzfaktor X"
3619,"Dunkelresistenz -"
3620,"Reittier-Blockade"
3621,"Immun gegen Magieattacken"
3622,"Segen des Gewitters"
3623,"Shikunshi"
3624,"Versuchung"
3625,"Fessel"
3626,"Ladung: Feuer-Äther"
3627,"Ladung: Eis-Äther"
3628,"Ladung: Blitz-Äther"
3629,"Zwangsmarsch"
3630,""
3631,"Skiltron"
3632,"●必滅の炎"
3633,"Zauberatem: Blitz"
3634,"Zauberatem: Eis"
3635,"Zauberatem: Feuer"
3636,"Drecksspatz"
3637,"Blitzblank"
3638,"Verringerte physische Verwundbarkeit"
3639,"Verringerte Magie-Verwundbarkeit"
3640,"Schwinge des Urteils"
3641,"Segen des Allmächtigen"
3642,"Zuckerstange"
3643,"Ewige Flammen"
3644,"Apokalypsis"
3645,"Gebissene Flanke"
3646,"Gerissene Flanke"
3647,"Gebissener Nacken"
3648,"Gerissener Nacken"
3649,"Nagender Hunger"
3650,"Gieriges Schlingen"
3651,""
3652,""
3653,""
3654,""
3655,""
3656,""
3657,"Fänge der Otter"
3658,"Instinkt der Otter"
3659,"Fänge der Grube"
3660,"Instinkt der Grube"
3661,""
3662,""
3663,""
3664,""
3665,"Fiederfänge"
3666,"Fiederschuppen"
3667,"Viperngift"
3668,"Vipernblut"
3669,"Vipernhatz"
3670,"Ruf der Ahnen"
3671,"Geist der Ahnen"
3672,"Tödliche Haltung"
3673,"Leichte Wehr"
3674,"Subtraktive Palette"
3675,"Zweite Pikto-Farbe"
3676,"Dritte Pikto-Farbe"
3677,""
3678,""
3679,"Oszillierender Pinsel"
3680,"Hammer und Pinsel"
3681,"Sternenfunkeln"
3682,""
3683,"Sternenprisma"
3684,"Verschmiert"
3685,"Sternenmuse"
3686,"Tempera-Schicht"
3687,"Fette Tempera"
3688,"Inszenierung"
3689,"Inszenierung"
3690,"Subtraktive Mischung"
3691,"Invertierung"
3692,"Starkes Gift"
3693,"Spiegelglatt"
3694,"Plötzliche Panik"
3695,"Zeichen des Untergangs IV"
3696,"Tetradæmonische Fessel"
3697,"Umklammert"
3698,"Geistlenkung vorwärts"
3699,"Geistlenkung rückwärts"
3700,"Geistlenkung links"
3701,"Geistlenkung rechts"
3702,"Spinnend"
3703,"Glibberglitschig"
3704,"Kristallträger"
3705,"Beißender Wind"
3706,"Beißender Wind"
3707,"Magieschaden +"
3708,"Zuschauer"
3709,"Ausweichrolle"
3710,"Perfektes Ausweichen"
3711,""
3712,"Zauberatem"
3713,"Festgeklebt"
3714,"Markiert"
3715,"Geistlenkung vorwärts"
3716,"Geistlenkung rückwärts"
3717,"Geistlenkung links"
3718,"Geistlenkung rechts"
3719,"Marschbefehl"
3720,"2-fache Winkeladdition"
3721,"3-fache Winkeladdition"
3722,"4-fache Winkeladdition"
3723,"Schubziel"
3724,"Subtraktionstaktiken α"
3725,"Subtraktionstaktiken β"
3726,"Ungeschätzte Vorderseite"
3727,"Ungeschätzte Rückseite"
3728,"Ungeschätzte Rechte"
3729,"Ungeschätzte Linke"
3730,"Am Boden"
3731,"Finsteres Mal"
3732,"Hieroglyphe des Gelehrten"
3733,"Pilger des Finken"
3734,"Pilger der Schildkröte"
3735,"Pilger des Wals"
3736,"吸魔"
3737,"Marschbefehl"
3738,""
3739,"Zeit und Gezeiten"
3740,"Sichtblende"
3741,"Macht des Astralen Himmels"
3742,"Donnerdarts"
3743,"Ahnung des Blasennetzes"
3744,"Blasennetz"
3745,""
3746,"Blasenkerker"
3747,"Ziel von Hydro-Sturz"
3748,"Ziel von Hydro-Kugel"
3749,"Festgeklebt"
3750,"拘束"
3751,"Nadelschleier"
3752,"Balsam der Oase"
3753,"Balsam der Oase"
3754,"Gluthitze"
3755,"Gefesselt"
3756,"Schaden +"
3757,"Verringerte Verwundbarkeit"
3758,"Seele des Rroneek"
3759,"Raserei"
3760,"Großer Knall"
3761,"Großer Praller"
3762,"Fressende Finsternis: Zerschmetterung"
3763,"Fressende Finsternis: Last"
3764,"Fressende Finsternis: Zwilling"
3765,"Fressende Finsternis: Auge"
3766,"Fressende Finsternis: Kette"
3767,"Dunkle Kette"
3768,"Erweiterter Wir<->kungs<->be<->reich"
3769,""
3770,"Gravitationsanomalie"
3771,"Höllenschleier"
3772,"Tückische Haltung"
3773,""
3774,""
3775,""
3776,"Fessel"
3777,"Wassersucht"
3778,"Wassersucht"
3779,"Stromschlag"
3780,""
3781,""
3782,"Fessel"
3783,"Blutrausch des Rroneek"
3784,"Blutrausch des Br'aax"
3785,"Blutrausch der Luwatena"
3786,"Ausgewachsen"
3787,""
3788,"Blasenbindung"
3789,"Fessel"
3790,"5-fache Winkeladdition"
3791,"Ge<->schwindig<->keit +"
3792,""
3793,"Beschleunigungsbombe"
3794,"Fressende Finsternis: Last"
3795,"Schaden über Zeit"
3796,"Leichtes Schädel-Hirn-Trauma"
3797,"Wassersucht"
3798,"Wassersucht"
3799,"Gabelblitz"
3800,""
3801,"Stechender Scharfblick"
3802,"Beschleunigungsbombe"
3803,"Flügelverstärkung"
3804,"Sichelverstärkung"
3805,"Erzürnt"
3806,"Wachstumsschub"
3807,"Wachstumsschub"
3808,"Richtungsbedingungen ignoriert"
3809,"Leichte Kristallisierung"
3810,"Starke Kristallisierung"
3811,"Vollkommene Kristallisierung"
3812,"Kühne Hand"
3813,"Meisters Beitrag"
3814,"Gravitationsanomalie"
3815,"Raumkontrolle"
3816,""
3817,"Feurige Kalamität"
3818,"Infernale Kalamität"
3819,"Glimmende Kalamität"
3820,"Eisige Kalamität"
3821,"Frostige Kalamität"
3822,"Kühle Kalamität"
3823,"Knisternde Kalamität"
3824,"Krachende Kalamität"
3825,"Großer Fluch der Schlange"
3826,"Brandwunde"
3827,"Gnadenerfüllt"
3828,"Heilige Grabstätte"
3829,"Heilige Wacht"
3830,"Heilige Wacht (Barriere)"
3831,"Ehrenhaftigkeit"
3832,"Verdammnis"
3833,"Inneres Zittern"
3834,"Ruinator"
3835,"Schattenwacht"
3836,"Blutdelirium"
3837,"Lied des Antihelden"
3838,"Große Nebula"
3839,"Fäden des Schicksals"
3840,"Löwenherz"
3841,"Geerdet"
3842,"Himmelbrecher"
3843,"Himmel und Erde"
3844,"Zielgerichtet"
3845,"Aufstiegsbereit"
3846,"Sternenkreuz"
3847,"Gewetzte Klinge"
3848,"In die Schatten"
3849,"Dokumori"
3850,"Higi"
3851,"Tenri Jindo"
3852,"Tsubamegaeshi"
3853,"Tengentsu"
3854,"Tengentsu: Sei"
3855,"Zanshin"
3856,"Tendo"
3857,"Sacrificium paratum"
3858,"Henkerssense"
3859,"Perfectio occulta"
3860,"Perfectio parata"
3861,"Falkenauge"
3862,"Resonanzpfeilbereit"
3863,"Luminöse Zugabe"
3864,"Hyperladung"
3865,"Exkavator"
3866,"Aus allen Rohren"
3867,"Bühneneuphorie"
3868,"Finalhaltung"
3869,"Glühende Sohlen"
3870,"Schwarze Funken"
3871,"Hoher Blitz"
3872,"Hohes Blitzra"
3873,"Gleißender Funke"
3874,"Lux Solaris"
3875,"Manafizierte Klinge"
3876,"Blüte des Mutes"
3877,"Noble Aura"
3878,"Kristallglanz-bereit"
3879,"Maximaler Fokus"
3880,"Resega"
3881,"Göttliche Gnade"
3882,"Mit Gift und Galle"
3883,"Gift und Galle"
3884,"Seraphenlehre"
3885,"Seraphenbelehrt"
3886,"Schallschnell"
3887,"Waage"
3888,"Pfeil"
3889,"Speer"
3890,"Eiche"
3891,"Krug"
3892,"Turm"
3893,"Auge des Orakels"
3894,"Helios in Konjunktion"
3895,"Stand der Sonne"
3896,"Sonnenzeichen"
3897,"Eukratische Dyskrasie"
3898,"Philosophia"
3899,"Eudaimonie"
3900,"Erlöst"
3901,"Inneres Beben"
3902,"Schattenschutz"
3903,"Göttliche Umarmung (Barriere)"
3904,"Göttliche Umarmung"
3905,"Lemurenschleier"
3906,"Blendendes Raiju"
3907,"Kaventskenntnis"
3908,"Am Boden"
3909,"Plötzliche Panik"
3910,"Vertraute Berührung"
3911,"Höchste Akribie"
3912,"Gebrüll der Ent<->schlos<->sen<->heit"
3913,""
3914,"Kampfeswille"
3915,"Liebliches Gift"
3916,""
3917,"Entzückt"
3918,"Verliebt"
3919,"Verfallen"
3920,"Liebeswahn"
3921,"Darbietung"
3922,""
3923,"Entzückt"
3924,"Verliebt"
3925,"Verfallen"
3926,"Unterworfen"
3927,"ナーヴトキシン：前"
3928,"ナーヴトキシン：後"
3929,"ナーヴトキシン：左"
3930,"ナーヴトキシン：右"
3931,"Sieben Leben"
3932,"Liebliches Gift: α"
3933,"Liebliches Gift: β"
3934,"Giftballon"
3935,"Giftresistenz - (stark)"
3936,"Bienenkönigin"
3937,"Bienencharme"
3938,"3-fache Winkeladdition"
3939,"5-fache Winkeladdition"
3940,"Schleichendes Nervengift"
3941,""
3942,""
3943,""
3944,""
3945,"Drohung des Rroneek"
3946,"Wille Turals"
3947,""
3948,"Schönkopf"
3949,"Vergeistert"
3950,"Plagegeist"
3951,"Herz des Rroneek"
3952,"Herzgebunden"
3953,"Femme Fatale"
3954,"Herz von Tural"
3955,"Umarmung von Tural"
3956,"Eukrasie"
3957,"Erzresedra"
3958,"Muskel EX"
3959,"Fokus EX"
3960,"Magie EX"
3961,"Hochstimmung"
3962,"Nebenwirkung"
3963,"Paralyse"
3964,"Schaden -"
3965,"Gebrechlichkeit"
3966,"Blutung"
3967,"Heilung -"
3968,"Optische Täuschung"
3969,"Optische Täuschung"
3970,""
3971,""
3972,"Großer Fischfang"
3973,"Kleiner Fischfang"
3974,"Levitation"
3975,"Schaden +"
3976,"Eukratische Dosis III"
3977,"Kreuzförmige Entladung"
3978,"X-förmige Entladung"
3979,"Blitzballung"
3980,"Blitzparalyse"
3981,"Giftlache"
3982,"Giftlache"
3983,"Am Boden"
3984,"Linderung"
3985,"Linderung"
3986,"Resega"
3987,"Resega der Morgenröte"
3988,"Neutral"
3989,"Makrokosmos"
3990,"ドロー[1]"
3991,"ドロー[2]"
3992,"ドロー[3]"
3993,"ドロー[4]"
3994,"ドロー[5]"
3995,"ドロー[6]"
3996,"Balanceakt"
3997,"Verborgen"
3998,"_rsv_3998_-1_2_0_0_S74CFC3B0_E74CFC3B0"
3999,"Blitzspeicher"
4000,"Positron"
4001,"Negatron"
4002,"Ferner Leitstrom"
4003,"Naher Leitstrom"
4004,"Kreisförmiger Gürtelstrom"
4005,"Ringförmiger Gürtelstrom"
4006,"Überladung"
4007,"Senfbombe"
4008,"Anti-Senfbombe"
4009,"Umgekehrte Reihenfolge"
4010,"Beherztes Auge"
4011,"Vorhersage: Glutwellen"
4012,"Vorhersage: Hyperelektrizität"
4013,"Vorhersage: Orkanartige Winde"
4014,"Vorhersage: Eissturm"
4015,""
4016,""
4017,""
4018,""
4019,"Ketten-Todeskampf"
4020,"Bombarium"
4021,"Aufgeputscht"
4022,"Stark aufgeputscht"
4023,"Maximal aufgeputscht"
4024,""
4025,""
4026,""
4027,""
4028,""
4029,"Linkes Wirbeln"
4030,"Rechtes Wirbeln"
4031,"Linkes Wirbeln"
4032,"Rechtes Wirbeln"
4033,"Sonnenschein"
4034,"Schwer geschützt"
4035,"Brüchig geschützt"
4036,"Rechter Riss"
4037,"Linker Riss"
4038,"綻び：前"
4039,"Hinterer Riss"
4040,"Kongruenz"
4041,"Gezogen: Waage"
4042,"Gezogen: Eiche"
4043,"Gezogen: Pfeil"
4044,"Gezogen: Speer"
4045,"Gezogen: Krug"
4046,"Gezogen: Turm"
4047,"Vorhersage"
4048,"Sieben Leben: Doppelklaue"
4049,"Sieben Leben: Vierfachklaue"
4050,"Sieben Leben: Rechts"
4051,"Sieben Leben: Links"
4052,"Sieben Leben: Vierfache Kralle"
4053,"Sieben Leben: Doppelte Kralle"
4054,""
4055,""
4056,""
4057,""
4058,""
4059,""
4060,""
4061,""
4062,""
4063,""
4064,"Plappermaul"
4065,"Schlaf des Narwals"
4066,"Schlaf des Narwals"
4067,"Kraft des Schlaflosen"
4068,"Blutung"
4069,""
4070,""
4071,"Positive Ladung"
4072,"Negative Ladung"
4073,"Korrektur: Glutwellen"
4074,"Korrektur: Eissturm"
4075,"Korrektur: Hyperelektrizität"
4076,"Korrektur: Orkanartige Winde"
4077,""
4078,""
4079,""
4080,""
4081,""
4082,""
4083,""
4084,""
4085,""
4086,""
4087,""
4088,""
4089,""
4090,""
4091,""
4092,""
4093,""
4094,"Ruf der Ahnen"
4095,"Schuppensprung"
4096,"Hornplatten"
4097,"Hornschild"
4098,"Otterngeblüt"
4099,"Viperngift"
4100,"Zweite Pikto-Farbe"
4101,"Dritte Pikto-Farbe"
4102,"Subtraktive Palette"
4103,"Pikto-Mogry"
4104,"Pikto-Madhin"
4105,"Pikto-Bommel"
4106,"Pikto-Schwingen"
4107,"Pikto-Klaue"
4108,"Pikto-Hauer"
4109,"Muse mit Bommel"
4110,"Beschwingte Muse"
4111,"Kratzende Muse"
4112,"Beißende Muse"
4113,"Verschmiert"
4114,"Tempera-Schicht"
4115,"Fette Tempera"
4116,"Mächtige Moppelmauer"
4117,"Mächtig vermoppelmauert"
4118,"Sternenfunkeln"
4119,"Sternenprisma"
4120,"Vipernblut"
4121,"Vipernhatz"
4122,"Flammen des Untergangs"
4123,"Lebenskraft"
4124,"Skizzierter Bommel"
4125,"Skizzierte Schwingen"
4126,"Skizzierte Klaue"
4127,"Skizzierte Hauer"
4128,"Mimikry"
4129,"Resolution im Dämmerschein"
4130,"Raumkontrolle: Ausbremsung"
4131,""
4132,"Am Boden"
4133,"Hast"
4134,"Einklang der Ehre"
4135,"●攻撃回想"
4136,"Ätheransammlung"
4137,"Blutung"
4138,"Blutung"
4139,"Vergeistert"
4140,"Nagende Hitze"
4141,"Wärmekontrolle: Heizen"
4142,"Wärmekontrolle: Kühlen"
4143,"Liebliche Biene"
4144,"Beschleunigungsbombe"
4145,"Verdorbener Honig"
4146,""
4147,"Nahe Raserei"
4148,"Ferne Raserei"
4149,"Schaden über Zeit"
4150,"Tiefkühlung"
4151,"Linkssturm"
4152,"Rechtssturm"
4153,"Vorwärtssturm"
4154,"Rückwärtssturm"
4155,"Linkssturm"
4156,"Rechtssturm"
4157,"Ketten des ewigen Lichts"
4158,"Bann des ewigen Lichts"
4159,"Gleißendes Omen"
4160,"Lichtlektion des Orakels"
4161,"Schattenlektion des Orakels"
4162,"Erhöhte physische Verwundbarkeit"
4163,"Betäubung"
4164,"Lichtresistenz - (stark)"
4165,"Todesmal"
4166,"Stetes Pulvermal"
4167,""
4168,"Schutzwall"
4169,"Blutrausch des Rroneek"
4170,"Heißblut des Br'aax"
4171,"Verzögerung: Mega-Rückführung"
4172,"Mega-Rückführung"
4173,"Schuppenhärtung"
4174,"Verzögerung: Quietus"
4175,"Flammengewahrsam"
4176,"バインド"
4177,"Innere Nichtsbarriere"
4178,"Äußere Nichtsbarriere"
4179,"Schleier der Finsternis"
4180,"Arkane Enthüllung"
4181,"Schwarze Umarmung"
4182,"Wolkenschneide"
4183,"Übungskampf"
4184,"Lodernder Hass"
4185,"Ketten des Zorns"
4186,"Raumkontrolle: Explosivstrahl"
4187,"Raumkontrolle: Detonierend"
4188,"Raumkontrolle: Explodierend"
4189,"Wind des Ostens"
4190,"Wind des Westens"
4191,"Rehabilitation"
4192,"Ent<->schei<->dungs<->schlacht α"
4193,"Ent<->schei<->dungs<->schlacht α"
4194,"Ent<->schei<->dungs<->schlacht β"
4195,"Ent<->schei<->dungs<->schlacht β"
4196,"Ent<->schei<->dungs<->schlacht γ"
4197,"Ent<->schei<->dungs<->schlacht γ"
4198,"Mächtiger Schlag"
4199,""
4200,""
4201,""
4202,""
4203,""
4204,""
4205,""
4206,""
4207,""
4208,"Verzögerung: Rückführung"
4209,"Dauerlauf"
4210,"Amnesie"
4211,""
4212,""
4213,""
4214,""
4215,""
4216,"Tsubamegaeshi"
4217,"Tsubamegaeshi"
4218,"Tsubamegaeshi"
4219,"Levitation"
4220,""
4221,""
4222,""
4223,""
4224,""
4225,"Ägide des Eises"
4226,""
4227,""
4228,""
4229,""
4230,""
4231,""
4232,""
4233,""
4234,""
4235,""
4236,""
4237,""
4238,""
4239,""
4240,""
4241,""
4242,""
4243,""
4244,""
4245,""
4246,""
4247,""
4248,""
4249,""
4250,""
4251,""
4252,""
4253,""
4254,""
4255,""
4256,""
4257,""
4258,""
4259,""
4260,""
4261,""
4262,""
4263,""
4264,""
4265,""
4266,""
4267,""
4268,""
4269,""
4270,""
4271,""
4272,""
4273,""
4274,""
4275,""
4276,""
4277,""
4278,""
4279,""
4280,""
4281,"Gnadenerfüllt"
4282,"Heilige Grabstätte"
4283,"Schildhieb"
4284,"Inneres Chaos"
4285,"Ruinator"
4286,"Inneres Beben"
4287,"Inneres Zittern"
4288,"Blutrache"
4289,"Torspalter"
4290,"Lied des Antihelden"
4291,"インペイルメント実行可"
4292,"ハートコンボ実行可"
4293,"Fäden des Schicksals"
4294,"Schicksalszeichen"
4295,"Herz des Korunds"
4296,"Katharsis des Korunds"
4297,"ラフディバイド"
4298,"プシュケー"
4299,"ブラッドドロー"
4300,"絶空拳"
4301,"Himmel und Erde"
4302,"Sternenkreuz"
4303,"Dokumori"
4304,"Doton"
4305,"Zesho Meppo"
4306,"Debana"
4307,"Henkersguillotine"
4308,"Richtbefehl"
4309,"Perfectio parata"
4310,""
4311,""
4312,"Zugabe des Helden"
4313,"Dämmerpakt"
4314,"Dämmertanz"
4315,"Kranz des Feuers"
4316,"Kranz des Eises"
4317,"Stern der Elemente"
4318,"クリムゾンサイクロン"
4319,"Versengung"
4320,"Forte"
4321,"Blüte des Mutes"
4322,"Kristallglanz-bereit"
4323,"アンガジェマン実行可"
4324,"Grobe Skizze"
4325,"ハート・オブ・ミゼリ"
4326,"Maximaler Fokus"
4327,"Seraphenlehre"
4328,"Königin der Kronen"
4329,"König der Kronen"
4330,"Epizykel"
4331,"Rücklauf möglich"
4332,"Auge des Orakels"
4333,"Lethargie"
4334,""
4335,""
4336,""
4337,""
4338,""
4339,""
4340,"Fessel"
4341,"Gewicht"
4342,""
4343,""
4344,""
4345,""
4346,""
4347,""
4348,""
4349,""
4350,"Am Boden"
4351,"Dunkler Herrscher"
4352,"Gedeckt"
4353,""
4354,""
4355,""
4356,""
4357,"Veränderte Reichweite"
4358,""
4359,""
4360,""
4361,""
4362,""
4363,""
4364,""
4365,""
4366,""
4367,""
4368,""
4369,""
4370,"Schaden -"
4371,"Schaden -"
4372,"Todessiegel"
4373,"Inkantatische Verzögerung"
4374,"Betäubung"
4375,"Erhöhte Verwundbarkeit"
4376,""
4377,"Hochschleudern"
4378,"Betäubung"
4379,"Giftlache"
4380,"Vitalabsorption"
4381,"ドレッドセンチネル"
4382,""
4383,"Feuerresistenz - (stark)"
4384,""
4385,"Supersprint"
4386,"Blitzresistenz -"
4387,""
4388,""
4389,"_rsv_4389_-1_2_0_0_S74CFC3B0_E74CFC3B0"
4390,"_rsv_4390_-1_2_0_0_S74CFC3B0_E74CFC3B0"
4391,"_rsv_4391_-1_2_0_0_S74CFC3B0_E74CFC3B0"
4392,"_rsv_4392_-1_2_0_0_S74CFC3B0_E74CFC3B0"
4393,"_rsv_4393_-1_2_0_0_S74CFC3B0_E74CFC3B0"
4394,"_rsv_4394_-1_2_0_0_S74CFC3B0_E74CFC3B0"
4395,"_rsv_4395_-1_2_0_0_S74CFC3B0_E74CFC3B0"
4396,"_rsv_4396_-1_2_0_0_S74CFC3B0_E74CFC3B0"
4397,"_rsv_4397_-1_2_0_0_S74CFC3B0_E74CFC3B0"
4398,""
4399,"Rand des Ruins"
4400,"Zinnoberfeuer"
4401,""
4402,"Seraphische Illumination"
4403,"Zinnoberfeuer"
4404,"Zielgerichtet"
4405,""
4406,""
4407,"Schaden +"
4408,""
4409,""
4410,"Unverwundbar"
4411,""
4412,""
4413,""
4414,""
4415,""
4416,"Eiserne Konzentration"
4417,"Vorwärtssturm"
4418,"Rückwärtssturm"
4419,"Linkssturm"
4420,"Rechtssturm"
4421,"Vorwärtssturm"
4422,"Rückwärtssturm"
4423,"Linkssturm"
4424,""
4425,"Rechtssturm"
4426,"Vorwärtssturm"
4427,"Rückwärtssturm"
4428,"Linkssturm"
4429,"Rechtssturm"
4430,"Linkssturm"
4431,""
4432,"Sonnenschein"
4433,"Betäubung"
4434,""
4435,""
4436,"Verringerte Verwundbarkeit"
4437,""
4438,""
4439,""
4440,""
4441,""
4442,""
4443,""
4444,""
4445,""
4446,""
4447,""
4448,"_rsv_4448_-1_2_0_0_S74CFC3B0_E74CFC3B0"
4449,"Hitzeschock"
4450,"_rsv_4450_-1_2_0_0_S74CFC3B0_E74CFC3B0"
4451,"_rsv_4451_-1_2_0_0_S74CFC3B0_E74CFC3B0"
4452,"_rsv_4452_-1_2_0_0_S74CFC3B0_E74CFC3B0"
4453,"_rsv_4453_-1_2_0_0_S74CFC3B0_E74CFC3B0"
4454,"_rsv_4454_-1_2_0_0_S74CFC3B0_E74CFC3B0"
4455,"Feuerresistenz +"
4456,"Blitzresistenz - (stark)"
4457,"_rsv_4457_-1_2_0_0_S74CFC3B0_E74CFC3B0"
4458,""
4459,"_rsv_4459_-1_2_0_0_S74CFC3B0_E74CFC3B0"
4460,"Höllendisco"
4461,"_rsv_4461_-1_2_0_0_S74CFC3B0_E74CFC3B0"
4462,"_rsv_4462_-1_2_0_0_S74CFC3B0_E74CFC3B0"
4463,"_rsv_4463_-1_2_0_0_S74CFC3B0_E74CFC3B0"
4464,"Perfekter Groove"
4465,""
4466,"_rsv_4466_-1_2_0_0_S74CFC3B0_E74CFC3B0"
4467,"_rsv_4467_-1_2_0_0_S74CFC3B0_E74CFC3B0"
4468,"_rsv_4468_-1_2_0_0_S74CFC3B0_E74CFC3B0"
4469,"_rsv_4469_-1_2_0_0_S74CFC3B0_E74CFC3B0"
4470,""
4471,"Fette Pose"
4472,"Lahme Pose"
4473,""
4474,""
4475,"Fixierte Gravitation"
4476,"Amok"
4477,"Eile"
4478,"Derwisch"
4479,"Courage"
4480,"Stumpfe Klinge"
4481,"Steinrahaut"
4482,"Diablose"
4483,"PvP-Rollenkommando: Amok"
4484,"PvP-Rollenkommando: Schutzwall"
4485,"PvP-Rollenkommando: Voller Schwinger"
4486,"PvP-Rollenkommando: Blutbad"
4487,"PvP-Rollenkommando: Eile"
4488,"PvP-Rollenkommando: Zerschlagung"
4489,"PvP-Rollenkommando: Derwisch"
4490,"PvP-Rollenkommando: Courage"
4491,"PvP-Rollenkommando: Adlerauge"
4492,"PvP-Rollenkommando: Komet"
4493,"PvPロールアクション：バリア"
4494,"PvP-Rollenkommando: Stumpfe Klinge"
4495,"PvP-Rollenkommando: Heilung"
4496,"PvP-Rollenkommando: Steinrahaut"
4497,"PvP-Rollenkommando: Diablose"
4498,"Energiereserven"
4499,"_rsv_4499_-1_2_0_0_S74CFC3B0_E74CFC3B0"
4500,"_rsv_4500_-1_2_0_0_S74CFC3B0_E74CFC3B0"
4501,"_rsv_4501_-1_2_0_0_S74CFC3B0_E74CFC3B0"
4502,"_rsv_4502_-1_2_0_0_S74CFC3B0_E74CFC3B0"
4503,""
4504,""
4505,""
4506,""
4507,""
4508,""
4509,""
4510,""
4511,""
4512,""
4513,""
4514,""
4515,""
4516,"PvP-Rollenkommando: Phantompfeil"
4517,"Euphorie des Wolfes"
4518,""
4519,""
4520,""
4521,""
4522,""
4523,""
4524,""
4525,""
4526,""
4527,""
4528,""
4529,""
4530,""
4531,""
4532,""
4533,""
4534,""
4535,""
4536,""
4537,"Steinfluch"
4538,""
4539,""
4540,""
4541,""
4542,""
4543,""
4544,""
4545,""
4546,""
4547,""
4548,""
4549,""
4550,""
4551,""
4552,""
4553,""
4554,""
4555,""
4556,""
4557,""
4558,""
4559,""
4560,""
4561,""
4562,""
4563,""
4564,""
4565,""
4566,""
4567,""
4568,""
4569,""
4570,""
4571,""
4572,""
4573,""
4574,""
4575,""
4576,""
4577,""
4578,""
4579,""
4580,""
4581,""
4582,""
4583,""
4584,""
4585,""
4586,""
4587,""
4588,""
4589,""
4590,""
4591,""
4592,""
4593,""
4594,""
4595,""
4596,""
4597,""
4598,""
4599,""
4600,""
