key,0,1,2
#,TerritoryIntendedUse,Resident,ContentFinderCondition
int32,TerritoryIntendedUse,uint16,ContentFinderCondition
142,"10","68","アマジナ杯闘技会決勝戦"
151,"8","0","クリスタルタワー：闇の世界"
159,"3","26","旅神聖域 ワンダラーパレス"
160,"3","19","怪鳥巨塔 シリウス大灯台"
162,"3","30","魔獣領域 ハラタリ修練所"
163,"3","13","遺跡探索 カルン埋没寺院"
167,"3","7","邪教排撃 古城アムダプール"
170,"3","8","流砂迷宮 カッターズクライ"
171,"3","9","掃討作戦 ゼーメル要塞"
172,"3","33","霧中行軍 オーラムヴェイル"
174,"8","21","クリスタルタワー：古代の民の迷宮"
188,"3","81","武装聖域 ワンダラーパレス (Hard)"
189,"3","79","邪念排撃 古城アムダプール (Hard)"
190,"3","0","彷徨う死霊を討て！"
191,"3","0","有毒妖花を駆除せよ！"
192,"3","0","無法者「似我蜂団」を撃滅せよ！"
193,"16","60","大迷宮バハムート：真成編1"
194,"16","61","大迷宮バハムート：真成編2"
195,"17","62","大迷宮バハムート：真成編3"
196,"17","63","大迷宮バハムート：真成編4"
214,"3","0","集団戦訓練をくぐり抜けろ！"
215,"3","0","全関門を突破し、最深部の敵を討て！"
216,"3","0","ギルガメを捕獲せよ！"
219,"3","0","爆弾魔ゴブリン軍団を撃滅せよ！"
220,"3","0","夢幻のブラキシオを討て！"
221,"3","0","汚染源モルボルを討て！"
222,"3","0","坑道に現れた妖異ブソを討て！"
223,"3","0","無敵の眷属を従えし、大型妖異を討て！"
241,"16","0","大迷宮バハムート：邂逅編1"
242,"17","11","大迷宮バハムート：邂逅編2"
243,"16","0","大迷宮バハムート：邂逅編3"
244,"17","0","大迷宮バハムート：邂逅編4"
245,"16","15","大迷宮バハムート：邂逅編5"
281,"10","36","真リヴァイアサン討滅戦"
292,"10","5","真イフリート討滅戦"
293,"10","6","真タイタン討滅戦"
294,"10","10","真ガルーダ討滅戦"
295,"10","23","極イフリート討滅戦"
296,"10","16","極タイタン討滅戦"
297,"10","0","極ガルーダ討滅戦"
298,"3","0","ボムを率いる「ボムクイーン」を討て！"
299,"3","0","不気味な陣形を組む妖異をせん滅せよ！"
300,"3","0","三つ巴の巨人族を制し、遺物を守れ！"
348,"10","17","究極幻想 アルテマウェポン破壊作戦"
349,"3","0","騒乱坑道 カッパーベル銅山 (Hard)"
350,"3","0","妖異屋敷 ハウケタ御用邸 (Hard)"
353,"10","327","イベント用コンテンツ：1"
354,"10","418","イベント用コンテンツ：2"
355,"16","39","大迷宮バハムート：侵攻編1"
356,"16","40","大迷宮バハムート：侵攻編2"
357,"16","41","大迷宮バハムート：侵攻編3"
358,"17","42","大迷宮バハムート：侵攻編4"
359,"10","37","極リヴァイアサン討滅戦"
360,"3","0","剣闘領域 ハラタリ修練所 (Hard)"
361,"3","50","財宝伝説 ハルブレーカー・アイル"
362,"3","43","盟友支援 ブレイフロクスの野営地 (Hard)"
363,"3","38","腐敗遺跡 古アムダプール市街"
364,"10","0","極王モグル・モグXII世討滅戦"
365,"3","45","城塞奪回 ストーンヴィジル (Hard)"
366,"3","44","ギルガメッシュ討伐戦"
367,"3","0","遺跡救援 カルン埋没寺院 (Hard)"
368,"10","0","ドルムキマイラ討伐戦"
369,"10","0","ハイドラ討伐戦"
372,"8","51","クリスタルタワー：シルクスの塔"
373,"3","0","惨劇霊殿 タムタラの墓所 (Hard)"
374,"10","0","真ラムウ討滅戦"
375,"10","0","極ラムウ討滅戦"
376,"18","58","外縁遺跡群 (制圧戦)"
377,"10","65","真シヴァ討滅戦"
378,"10","66","極シヴァ討滅戦"
380,"16","46","大迷宮バハムート零式：侵攻編1"
381,"16","47","大迷宮バハムート零式：侵攻編2"
382,"16","48","大迷宮バハムート零式：侵攻編3"
383,"17","49","大迷宮バハムート零式：侵攻編4"
387,"3","69","逆襲要害 サスタシャ浸食洞 (Hard)"
394,"10","59","闘神オーディン討滅戦"
396,"3","80","真ギルガメッシュ討滅戦"
403,"29","263","英雄の帰還"
420,"3","109","神域浮島 ネバーリープ"
426,"10","82","アシエン・ナプリアレス討伐戦"
430,"3","92","博物戦艦 フラクタル・コンティニアム"
431,"18","58","シールロック (争奪戦)"
432,"10","106","真ラーヴァナ討滅戦"
434,"3","101","廃砦捜索 ダスクヴィジル"
436,"10","104","真ビスマルク討滅戦"
437,"10","94","ナイツ・オブ・ラウンド討滅戦"
442,"16","95","機工城アレキサンダー：起動編1"
443,"16","102","機工城アレキサンダー：起動編2"
444,"16","97","機工城アレキサンダー：起動編3"
445,"17","99","機工城アレキサンダー：起動編4"
446,"10","107","極ラーヴァナ討滅戦"
447,"10","105","極ビスマルク討滅戦"
448,"10","130","蒼天幻想 ナイツ・オブ・ラウンド討滅戦"
449,"16","96","機工城アレキサンダー零式：起動編1"
450,"16","103","機工城アレキサンダー零式：起動編2"
451,"16","98","機工城アレキサンダー零式：起動編3"
452,"17","100","機工城アレキサンダー零式：起動編4"
508,"8","0","魔航船ヴォイドアーク"
509,"10","708","アスラ討滅戦"
510,"3","129","制圧巨塔 シリウス大灯台 (Hard)"
511,"3","128","草木庭園 聖モシャーヌ植物園"
512,"26","131","雲海探索 ディアデム諸島 (Easy)"
514,"26","131","雲海探索 ディアデム諸島"
515,"26","131","雲海探索 ディアデム諸島 (Hard)"
517,"10","139","魔神セフィロト討滅戦"
519,"3","137","神聖遺跡 古アムダプール市街 (Hard)"
520,"16","132","機工城アレキサンダー：律動編1"
521,"16","141","機工城アレキサンダー：律動編2"
522,"16","133","機工城アレキサンダー：律動編3"
523,"17","143","機工城アレキサンダー：律動編4"
524,"10","140","極魔神セフィロト討滅戦"
529,"16","135","機工城アレキサンダー零式：律動編1"
530,"17","142","機工城アレキサンダー零式：律動編2"
531,"16","136","機工城アレキサンダー零式：律動編3"
532,"17","144","機工城アレキサンダー零式：律動編4"
533,"29","145","四国合同演習"
537,"27","0","範囲攻撃を避けよう！"
538,"27","0","コンボで敵視を集めよう！"
539,"27","0","実戦でコンボに挑戦しよう！"
540,"27","0","複数の敵から敵視を集めよう！"
541,"27","0","実戦で複数の敵と戦ってみよう！"
542,"27","0","遠距離から敵視を集めよう！"
543,"27","0","敵の増援に対応しよう！"
544,"27","0","味方と協力して敵を倒そう！"
545,"27","0","味方が引きつけている敵を倒そう！"
546,"27","0","敵の攻撃を避けながら戦おう！"
547,"27","0","敵の増援に対応しよう！"
548,"27","0","ギミックを活用して戦おう！"
549,"27","0","味方を回復しよう！"
550,"27","0","複数の味方を回復しよう！"
551,"27","0","敵の攻撃を避けながら戦おう！"
552,"27","0","最終訓練！"
554,"18","58","フィールド・オブ・グローリー (砕氷戦)"
556,"8","0","禁忌都市マハ"
557,"3","162","黒渦伝説 ハルブレーカー・アイル (Hard)"
558,"33","0","宝物庫 アクアポリス"
559,"10","155","ニーズヘッグ征竜戦"
560,"29","0","レグラ・ヴァン・ヒュドルス追撃戦"
561,"31","156","死者の宮殿 B1～B10"
562,"31","157","死者の宮殿 B11～B20"
563,"31","158","死者の宮殿 B21～B30"
564,"31","159","死者の宮殿 B31～B40"
565,"31","160","死者の宮殿 B41～B50"
566,"10","147","極ニーズヘッグ征竜戦"
571,"34","176","亡霊屋敷 ホーンテッドマナー"
576,"10","168","女神ソフィア討滅戦"
577,"10","169","極女神ソフィア討滅戦"
578,"3","175","稀書回収 グブラ幻想図書館 (Hard)"
579,"35","77","トリプルトライアド：カードバトルルーム"
580,"16","163","機工城アレキサンダー：天動編1"
581,"16","165","機工城アレキサンダー：天動編2"
582,"16","170","機工城アレキサンダー：天動編3"
583,"17","172","機工城アレキサンダー：天動編4"
584,"16","164","機工城アレキサンダー零式：天動編1"
585,"16","166","機工城アレキサンダー零式：天動編2"
586,"16","171","機工城アレキサンダー零式：天動編3"
587,"17","173","機工城アレキサンダー零式：天動編4"
589,"25","0","LoVM：プレイヤー対戦 (RP変動あり)"
590,"25","0","LoVM：大会対戦 (プレイヤー対戦）"
591,"25","0","LoVM：プレイヤー対戦 (RP変動なし)"
592,"29","192","絡み合う宿命"
593,"31","177","死者の宮殿 B51～B60"
594,"31","178","死者の宮殿 B61～B70"
595,"31","179","死者の宮殿 B71～B80"
596,"31","180","死者の宮殿 B81～B90"
597,"31","181","死者の宮殿 B91～B100"
598,"31","182","死者の宮殿 B101～B110"
599,"31","183","死者の宮殿 B111～B120"
600,"31","184","死者の宮殿 B121～B130"
601,"31","185","死者の宮殿 B131～B140"
602,"31","186","死者の宮殿 B141～B150"
603,"31","187","死者の宮殿 B151～B160"
604,"31","188","死者の宮殿 B161～B170"
605,"31","189","死者の宮殿 B171～B180"
606,"31","190","死者の宮殿 B181～B190"
607,"31","191","死者の宮殿 B191～B200"
616,"3","0","海底宮殿 紫水宮"
617,"3","201","霊峰浄化 ソーム・アル (Hard)"
623,"3","215","伝統試練 バルダム覇道"
624,"38","131","雲海探索 ディアデム諸島：狩猟限定 (Easy)"
625,"38","131","雲海探索 ディアデム諸島：狩猟限定"
626,"3","228","漂流海域 セイレーン海"
627,"8","0","影の国ダン・スカー"
633,"29","206","カルテノー平原遭遇戦"
637,"10","204","鬼神ズルワーン討滅戦"
638,"10","205","極鬼神ズルワーン討滅戦"
656,"26","0","雲海探索 ディアデム諸島 (採集)"
660,"3","0","解放決戦 ドマ城"
661,"3","214","巨砲要塞 カストルム・アバニア"
662,"3","242","悪党成敗 クガネ城"
663,"3","229","壊神修行 星導山寺院"
665,"29","247","ギョドウ現る！"
674,"10","216","スサノオ討滅戦"
677,"10","217","極スサノオ討滅戦"
679,"10","212","神龍討滅戦"
684,"29","251","ウリエンジェの秘策"
688,"29","249","終節の合戦"
689,"3","227","紅蓮決戦 アラミゴ"
690,"29","0","次元の狭間：外縁"
691,"17","243","次元の狭間オメガ：デルタ編1"
692,"17","241","次元の狭間オメガ：デルタ編2"
693,"17","234","次元の狭間オメガ：デルタ編3"
694,"17","236","次元の狭間オメガ：デルタ編4"
695,"17","244","次元の狭間オメガ零式：デルタ編1"
696,"17","240","次元の狭間オメガ零式：デルタ編2"
697,"17","235","次元の狭間オメガ零式：デルタ編3"
698,"17","237","次元の狭間オメガ零式：デルタ編4"
705,"29","230","ウル王杯闘技会の始まり"
706,"29","231","さらなる剣術の高みへ"
707,"29","0","抗う力"
708,"29","0","海都を震わす人斬りの宴！"
709,"29","209","極悪人コガラシ"
710,"29","0","松葉門外の変"
711,"29","0","ベッコウ島の決闘"
712,"33","0","宝物庫 ウズネアカナル"
713,"29","0","漆黒の巨竜"
714,"29","0","紅の竜騎士"
715,"29","0","あと三度、遥かな憧憬"
716,"29","0","あと一度、君に会えたら"
717,"29","232","原初的な彼女"
718,"29","233","燃えよゴージ！"
719,"10","239","ラクシュミ討滅戦"
720,"10","226","極ラクシュミ討滅戦"
722,"29","0","時をかける願い"
723,"29","0","影隠忍法帖"
725,"33","0","宝物庫 ウズネアカナル深層"
729,"39","262","アストラガロス (機工戦)"
730,"10","260","極神龍討滅戦"
731,"3","261","水没遺構 スカラ"
732,"41","0","禁断の地 エウレカ：アネモス編"
733,"17","255","絶バハムート討滅戦"
734,"8","0","失われた都 ラバナスタ"
741,"34","0","ヴァレンティオンセレモニー"
742,"3","273","紅玉火山 獄之蓋"
743,"3","274","暴走戦艦 フラクタル・コンティニアム (Hard)"
746,"10","269","白虎征魂戦"
748,"17","277","次元の狭間オメガ：シグマ編1"
749,"17","275","次元の狭間オメガ：シグマ編2"
750,"17","266","次元の狭間オメガ：シグマ編3"
751,"17","271","次元の狭間オメガ：シグマ編4"
752,"17","278","次元の狭間オメガ零式：シグマ編1"
753,"17","276","次元の狭間オメガ零式：シグマ編2"
754,"17","267","次元の狭間オメガ零式：シグマ編3"
755,"17","272","次元の狭間オメガ零式：シグマ編4"
758,"10","268","極白虎征魂戦"
761,"10","281","リオレウス狩猟戦"
762,"10","282","極リオレウス狩猟戦"
763,"41","0","禁断の地 エウレカ：パゴス編"
768,"3","312","風水霊殿 ガンエン廟"
769,"29","291","「暁」の少年"
776,"8","0","封じられた聖塔 リドルアナ"
777,"17","292","絶アルテマウェポン破壊作戦"
778,"10","284","ツクヨミ討滅戦"
779,"10","283","極ツクヨミ討滅戦"
788,"3","333","草木汚染 聖モシャーヌ植物園 (Hard)"
789,"3","330","永久焦土 ザ・バーン"
790,"43","0","新生祭軍事演習"
791,"39","355","ヒドゥンゴージ (機工戦)"
792,"44","0","挑戦！ ジャンピングアスレチック"
793,"3","368","境界戦線 ギムリトダーク"
794,"33","341","宝物庫 ウズネアカナル祭殿"
795,"41","0","禁断の地 エウレカ：ピューロス編"
796,"45","0","デビューマッチ"
797,"29","336","楔石の虚"
798,"17","331","次元の狭間オメガ：アルファ編1"
799,"17","337","次元の狭間オメガ：アルファ編2"
800,"17","339","次元の狭間オメガ：アルファ編3"
801,"17","328","次元の狭間オメガ：アルファ編4"
802,"17","332","次元の狭間オメガ零式：アルファ編1"
803,"17","338","次元の狭間オメガ零式：アルファ編2"
804,"17","340","次元の狭間オメガ零式：アルファ編3"
805,"17","329","次元の狭間オメガ零式：アルファ編4"
806,"10","327","真ヨウジンボウ討滅戦"
810,"10","334","朱雀征魂戦"
811,"10","335","極朱雀征魂戦"
821,"3","417","水妖幻園 ドォーヌ・メグ"
822,"3","293","偽造天界 グルグ火山"
823,"3","374","古跡探索 キタンナ神影洞"
824,"10","361","青龍征魂戦"
825,"10","362","極青龍征魂戦"
826,"8","0","楽欲の僧院 オーボンヌ"
827,"41","0","禁断の地 エウレカ：ヒュダトス編"
830,"29","367","英雄への鎮魂歌"
834,"29","371","来訪せし風の御使"
836,"3","0","爽涼離宮 マリカの大井戸"
837,"3","370","殺戮郷村 ホルミンスター"
838,"3","373","終末幻想 アーモロート"
840,"3","375","異界遺構 シルクス・ツイニング"
841,"3","309","創造機関 アナイダアカデミア"
845,"10","393","ティターニア討滅戦"
846,"10","395","イノセンス討滅戦"
847,"10","379","ハーデス討滅戦"
848,"10","396","極イノセンス討滅戦"
849,"17","386","希望の園エデン：覚醒編1"
850,"17","377","希望の園エデン：覚醒編2"
851,"17","382","希望の園エデン：覚醒編3"
852,"17","380","希望の園エデン：覚醒編4"
853,"17","387","希望の園エデン零式：覚醒編1"
854,"17","378","希望の園エデン零式：覚醒編2"
855,"17","383","希望の園エデン零式：覚醒編3"
856,"17","381","希望の園エデン零式：覚醒編4"
858,"10","394","極ティターニア討滅戦"
859,"29","376","仕掛けと呪いと毒と"
860,"29","413","廃都ナバスアレン"
873,"29","389","揺れる天秤"
874,"29","399","古の大再生魔法"
875,"29","397","勇気の狩人"
876,"29","401","ナイルベルトの後悔"
879,"33","409","宝物庫 リェー・ギア・ダンジョン"
882,"8","0","複製サレタ工場廃墟"
884,"3","419","魔法宮殿 グラン・コスモス"
885,"10","427","極ハーデス討滅戦"
887,"17","428","絶アレキサンダー討滅戦"
888,"18","817","オンサル・ハカイル (終節戦)"
893,"29","430","白き誓約、黒き密約"
894,"29","431","この心が望むがままに"
897,"10","434","ルビーウェポン破壊作戦"
898,"3","432","黒風海底 アニドラス・アナムネーシス"
899,"44","0","挑戦！ ジャンピングアスレチック"
900,"46","446","オーシャンフィッシング"
901,"47","445","雲海採集 ディアデム諸島"
902,"17","443","希望の園エデン：共鳴編1"
903,"17","441","希望の園エデン：共鳴編2"
904,"17","447","希望の園エデン：共鳴編3"
905,"17","436","希望の園エデン：共鳴編4"
906,"17","444","希望の園エデン零式：共鳴編1"
907,"17","442","希望の園エデン零式：共鳴編2"
908,"17","448","希望の園エデン零式：共鳴編3"
909,"17","437","希望の園エデン零式：共鳴編4"
911,"29","0","シタデル・ボズヤ蒸発事変"
912,"10","435","極ルビーウェポン破壊作戦"
913,"10","449","極シタデル・ボズヤ追憶戦"
914,"29","433","汝、英雄の眠り妨げるは"
916,"3","463","漆黒決戦 ノルヴラント"
917,"8","0","人形タチノ軍事基地"
920,"48","0","南方ボズヤ戦線"
922,"10","456","ウォーリア・オブ・ライト討滅戦"
923,"10","457","極ウォーリア・オブ・ライト討滅戦"
924,"33","482","宝物庫 リェー・ギア・ダンジョン祭殿"
925,"29","477","飛べ！ ウェルリトへ "
926,"29","478","飛べ！ ウェルリトへ "
929,"47","445","雲海採集 ディアデム諸島"
932,"29","480","色あせた記憶"
933,"3","497","魔術工房 マトーヤのアトリエ"
934,"10","498","エメラルドウェポン破壊作戦"
935,"10","499","極エメラルドウェポン破壊作戦"
936,"52","0","グンヒルド・ディルーブラム"
937,"53","0","グンヒルド・ディルーブラム零式"
938,"3","525","黄金平原 パガルザン"
939,"47","445","雲海採集 ディアデム諸島"
940,"50","0","トリプルトライアド：オフィシャルトーナメント"
941,"51","0","トリプルトライアド：カスタムトーナメントルーム"
942,"17","504","希望の園エデン：再生編1"
943,"17","502","希望の園エデン：再生編2"
944,"17","500","希望の園エデン：再生編3"
945,"17","511","希望の園エデン：再生編4"
946,"17","505","希望の園エデン零式：再生編1"
947,"17","503","希望の園エデン零式：再生編2"
948,"17","501","希望の園エデン零式：再生編3"
949,"17","512","希望の園エデン零式：再生編4"
950,"10","537","ダイヤウェポン捕獲作戦"
951,"10","538","極ダイヤウェポン捕獲作戦"
952,"3","550","異形楼閣 ゾットの塔"
954,"29","508","バイルブランドの船出"
955,"29","509","ゴッド・セイブ・ザ・クイーン"
966,"8","0","希望ノ砲台：「塔」"
968,"17","582","絶竜詩戦争"
969,"3","548","魔導神門 バブイルの塔"
970,"3","558","終末樹海 ヴァナスパティ"
973,"3","549","最終幻想 レムナント"
974,"3","554","創造環境 ヒュペルボレア造物院"
975,"48","0","ザトゥノル高原"
976,"3","553","楽園都市 スマイルトン"
977,"29","555","黎明の死闘"
978,"3","556","星海潜航 アイティオン星晶鏡"
986,"3","551","電脳夢想 スティグマ・フォー"
992,"10","595","ゾディアーク討滅戦"
993,"10","598","極ゾディアーク討滅戦"
994,"34","0","道化饗宴 ホーンテッドフィースト"
995,"10","568","ハイデリン討滅戦"
996,"10","569","極ハイデリン討滅戦"
997,"10","567","終焉の戦い"
998,"10","610","終極の戦い"
1000,"33","585","宝物庫 エキサイトロン"
1002,"17","572","万魔殿パンデモニウム：辺獄編1"
1003,"17","573","万魔殿パンデモニウム零式：辺獄編1"
1004,"17","565","万魔殿パンデモニウム：辺獄編2"
1005,"17","566","万魔殿パンデモニウム零式：辺獄編2"
1006,"17","591","万魔殿パンデモニウム：辺獄編3"
1007,"17","592","万魔殿パンデモニウム零式：辺獄編3"
1008,"17","588","万魔殿パンデモニウム：辺獄編4"
1009,"17","589","万魔殿パンデモニウム零式：辺獄編4"
1010,"29","562","霜雪を踏みしめて"
1011,"29","563","寒夜のこと"
1012,"29","564","拡がる終末"
1013,"29","584","暁月のフィナーレ"
1014,"29","594","前代アゼムの手ほどき"
1015,"29","593","開かれた道の先へ"
1016,"29","561","融和への船出"
1017,"29","590","ドマの弔い"
1018,"29","599","蒼天を仰ぎ、歩み続ける"
1019,"29","596","僕たちは還り、君を見送ろう"
1020,"29","586","大鎌の意味"
1021,"29","587","暗殺道"
1022,"29","559","賢者の短杖"
1023,"29","560","人命は儚く、術のみちは永久に"
1036,"3","24","天然要害 サスタシャ浸食洞"
1037,"3","28","地下霊殿 タムタラの墓所"
1038,"3","603","封鎖坑道 カッパーベル銅山"
1039,"3","31","監獄廃墟 トトラクの千獄"
1040,"3","602","名門屋敷 ハウケタ御用邸"
1041,"3","25","奪還支援 ブレイフロクスの野営地"
1042,"3","12","城塞攻略 ストーンヴィジル"
1043,"3","611","外郭攻略 カストルム・メリディアヌム"
1044,"3","605","最終決戦 魔導城プラエトリウム"
1045,"10","5","イフリート討伐戦"
1046,"10","6","タイタン討伐戦"
1047,"10","10","ガルーダ討伐戦"
1048,"10","618","アルテマウェポン破壊作戦"
1049,"29","620","リットアティン強襲戦"
1050,"3","607","近東秘宝 アルザダール海底遺跡群"
1051,"29","604","ネルウァの帝国"
1052,"29","616","アシエン・ラハブレア討伐戦"
1054,"8","0","輝ける神域 アグライア"
1062,"3","634","氷結潜窟 スノークローク大氷壁"
1063,"3","626","幻龍残骸 黙約の塔"
1064,"3","111","霊峰踏破 ソーム・アル"
1065,"3","627","邪竜血戦 ドラゴンズエアリー"
1066,"3","93","強硬突入 イシュガルド教皇庁"
1067,"10","625","善王モグル・モグXII世討滅戦"
1068,"29","654","皇都イシュガルド防衛戦"
1069,"4","0","ヴァリアントダンジョン シラディハ水道"
1070,"3","628","異界孤城 トロイアコート"
1071,"10","629","バルバリシア討滅戦"
1072,"10","630","極バルバリシア討滅戦"
1075,"57","645","アナザーダンジョン 異聞シラディハ水道"
1076,"58","649","アナザーダンジョン 異聞シラディハ水道 零式"
1081,"17","641","万魔殿パンデモニウム：煉獄編1"
1082,"17","642","万魔殿パンデモニウム零式：煉獄編1"
1083,"17","632","万魔殿パンデモニウム：煉獄編2"
1084,"17","633","万魔殿パンデモニウム零式：煉獄編2"
1085,"17","643","万魔殿パンデモニウム：煉獄編3"
1086,"17","644","万魔殿パンデモニウム零式：煉獄編3"
1087,"17","639","万魔殿パンデモニウム：煉獄編4"
1088,"17","640","万魔殿パンデモニウム零式：煉獄編4"
1091,"29","631","失われた力"
1095,"10","688","ルビカンテ討滅戦"
1096,"10","689","極ルビカンテ討滅戦"
1097,"3","655","雪山冥洞 ラピス・マナリス"
1098,"44","0","挑戦！ ジャンピングアスレチック"
1099,"31","669","オルト・エウレカ B1～B10"
1100,"31","670","オルト・エウレカ B11～B20"
1101,"31","671","オルト・エウレカ B21～B30"
1102,"31","672","オルト・エウレカ B31～B40"
1103,"31","673","オルト・エウレカ B41～B50"
1104,"31","674","オルト・エウレカ B51～B60"
1105,"31","675","オルト・エウレカ B61～B70"
1106,"31","676","オルト・エウレカ B71～B80"
1107,"31","677","オルト・エウレカ B81～B90"
1108,"31","678","オルト・エウレカ B91～B100"
1109,"3","90","禁書回収 グブラ幻想図書館"
1110,"3","681","蒼天聖戦 魔科学研究所"
1111,"3","666","星海観測 逆さの塔"
1112,"3","667","天竜宮殿 ソール・カイ"
1113,"3","668","峻厳渓谷 ゼルファトル"
1114,"3","202","巨大防壁 バエサルの長城"
1115,"29","665","はつらつとした親子"
1118,"8","657","喜びの神域 エウプロシュネ"
1120,"29","682","パンひとつと引き換えに"
1122,"17","687","絶オメガ検証戦"
1123,"33","664","宝物庫 エルピス・ギュムナシオン祭殿"
1126,"3","690","星霊間欠 ハーム島"
1127,"27","784","マーカーが出る攻撃に対処しよう！"
1128,"27","785","地面に予兆が出る攻撃に対処しよう！"
1129,"27","786","さまざまな攻撃に対処しよう！"
1136,"10","740","アスラ討滅戦"
1137,"4","0","ヴァリアントダンジョン 六根山"
1140,"10","712","ゴルベーザ討滅戦"
1141,"10","713","極ゴルベーザ討滅戦"
1142,"3","228","漂流海域 セイレーン海"
1143,"3","215","伝統試練 バルダム覇道"
1144,"3","0","解放決戦 ドマ城"
1145,"3","694","巨砲要塞 カストルム・アバニア"
1146,"3","227","紅蓮決戦 アラミゴ"
1147,"17","710","万魔殿パンデモニウム：天獄編1"
1148,"17","711","万魔殿パンデモニウム零式：天獄編1"
1149,"17","709","万魔殿パンデモニウム：天獄編2"
1150,"17","714","万魔殿パンデモニウム零式：天獄編2"
1151,"17","706","万魔殿パンデモニウム：天獄編3"
1152,"17","707","万魔殿パンデモニウム零式：天獄編3"
1153,"17","704","万魔殿パンデモニウム：天獄編4"
1154,"17","705","万魔殿パンデモニウム零式：天獄編4"
1155,"57","696","アナザーダンジョン 異聞六根山"
1156,"58","700","アナザーダンジョン 異聞六根山 零式"
1163,"46","0","オーシャンフィッシング"
1164,"3","733","深淵潜行 月の地下渓谷"
1165,"59","739","ブランダーヴィル"
1166,"29","734","炎影の旅路"
1167,"3","749","濁流遡上 イフイカ・トゥム"
1168,"10","737","ゼロムス討滅戦"
1169,"10","738","極ゼロムス討滅戦"
1172,"3","261","水没遺構 スカラ"
1173,"3","330","永久焦土 ザ・バーン"
1174,"3","368","境界戦線 ギムリトダーク"
1176,"4","0","ヴァリアントダンジョン アロアロ島"
1177,"29","735","その瞳が見据えるもの"
1178,"8","727","華めく神域 タレイア"
1179,"57","718","アナザーダンジョン 異聞アロアロ島"
1180,"58","722","アナザーダンジョン 異聞アロアロ島 零式"
1193,"3","743","山嶺登頂 ウォーコー・ゾーモー"
1194,"3","747","遺産踏査 天深きセノーテ"
1195,"10","753","ヴァリガルマンダ討滅戦"
1196,"10","754","極ヴァリガルマンダ討滅戦"
1198,"3","748","外征前哨 ヴァンガード"
1199,"3","756","記憶幻想 アレクサンドリア"
1200,"10","750","ゾラージャ討滅戦"
1201,"10","751","極ゾラージャ討滅戦"
1202,"10","760","エターナルクイーン討滅戦"
1203,"3","745","荒野秘境 サボテンダーバレー"
1204,"3","679","悪夢遊園 ストレイバロー"
1208,"3","742","魂魄工廠 オリジェニクス"
1209,"33","744","宝物庫 セノーテ・ジャジャグラル"
1210,"29","764","王として、父として"
1211,"29","765","笑顔を護るための戦い"
1212,"29","757","友の試練"
1213,"29","766","護る者、壊す者"
1214,"29","783","寝ても覚めても"
1215,"29","752","毒と癒やしの頂上決戦"
1216,"29","761","一端の狩人"
1217,"29","779","打倒！ シャルトフィット盗賊団"
1218,"29","781","祭器と作られた虚像"
1225,"17","767","至天の座アルカディア：ライトヘビー級1"
1226,"17","782","至天の座アルカディア零式：ライトヘビー級1"
1227,"17","774","至天の座アルカディア：ライトヘビー級2"
1228,"17","775","至天の座アルカディア零式：ライトヘビー級2"
1229,"17","758","至天の座アルカディア：ライトヘビー級3"
1230,"17","759","至天の座アルカディア零式：ライトヘビー級3"
1231,"17","762","至天の座アルカディア：ライトヘビー級4"
1232,"17","763","至天の座アルカディア零式：ライトヘビー級4"
1233,"29","780","旅する画家は森都を征く"
1234,"29","778","旅する画家は幻想を征く"
1235,"29","768","ヴァイパーの使命"
1236,"29","769","トラルヴィドラールを狩る者"
1239,"10","792","幻白虎征魂戦"
1242,"3","796","廃地討究 ユウェヤーワータ"
1243,"10","808","極エターナルクイーン討滅戦"
1244,"29","797","王の家族"
1245,"3","787","魔獣領域 ハラタリ修練所"
1248,"8","0","ジュノ：ザ・ファーストウォーク"
